image,num_faces,gpu_upload_ms,gpu_gray_ms,gpu_download_ms,face_detect_ms,landmarks_ms,save_ms,total_ms
lfw-deepfunneled/lfw-deepfunneled/George_W_Bush/George_W_Bush_0276.jpg,2,2.81501,34.116,0.244042,66.2764,13.4062,36.8201,153.678
lfw-deepfunneled/lfw-deepfunneled/Richard_Myers/Richard_Myers_0016.jpg,1,2.3204,0.080987,0.217784,10.1644,9.95895,6.84449,29.587
lfw-deepfunneled/lfw-deepfunneled/Lisa_Raymond/Lisa_Raymond_0002.jpg,1,2.12656,0.074808,0.140936,9.66641,10.0512,22.1764,44.2364
lfw-deepfunneled/lfw-deepfunneled/Saeed_Anwar/Saeed_Anwar_0001.jpg,1,2.27553,0.070701,0.194262,11.8612,10.386,45.7077,70.4954
lfw-deepfunneled/lfw-deepfunneled/Natalie_Coughlin/Natalie_Coughlin_0001.jpg,1,1.73884,0.064932,0.113399,9.46473,6.61754,28.1823,46.1817
lfw-deepfunneled/lfw-deepfunneled/Claudia_Schiffer/Claudia_Schiffer_0002.jpg,1,12.6036,0.051316,0.093143,9.05853,9.96206,49.2628,81.0314
lfw-deepfunneled/lfw-deepfunneled/Ray_Allen/Ray_Allen_0002.jpg,1,1.33277,0.04028,0.255362,12.9819,6.42817,13.1331,34.1716
lfw-deepfunneled/lfw-deepfunneled/Faye_Dunaway/Faye_Dunaway_0001.jpg,1,1.65572,0.052985,0.185145,15.2674,16.9589,28.7608,62.8809
lfw-deepfunneled/lfw-deepfunneled/Yuri_Luzhkov/Yuri_Luzhkov_0001.jpg,1,1.49076,0.039571,0.281424,9.17335,6.55525,67.5545,85.0949
lfw-deepfunneled/lfw-deepfunneled/Megawati_Sukarnoputri/Megawati_Sukarnoputri_0018.jpg,1,23.2459,0.037948,0.101135,14.2188,6.39938,17.622,61.6251
lfw-deepfunneled/lfw-deepfunneled/Gustavo_Cisneros/Gustavo_Cisneros_0001.jpg,1,1.66451,0.053739,0.193713,14.1602,10.3116,9.5788,35.9626
lfw-deepfunneled/lfw-deepfunneled/Silvio_Berlusconi/Silvio_Berlusconi_0017.jpg,2,75.2411,0.037795,0.094787,10.4441,13.443,30.0311,129.292
lfw-deepfunneled/lfw-deepfunneled/George_W_Bush/George_W_Bush_0398.jpg,1,0.746036,0.038882,0.253091,14.6541,6.54229,37.2498,59.4842
lfw-deepfunneled/lfw-deepfunneled/Xiang_Huaicheng/Xiang_Huaicheng_0001.jpg,1,41.4217,0.036945,0.258634,10.8695,6.5252,4.3407,63.4526
lfw-deepfunneled/lfw-deepfunneled/Taha_Yassin_Ramadan/Taha_Yassin_Ramadan_0009.jpg,2,18.1852,0.050328,0.142454,20.4346,20.415,57.3656,116.593
lfw-deepfunneled/lfw-deepfunneled/John_Banko/John_Banko_0001.jpg,1,2.04507,0.040245,0.304876,11.1,10.0537,5.67634,29.2202
lfw-deepfunneled/lfw-deepfunneled/Roy_Jones_Jr/Roy_Jones_Jr_0002.jpg,1,38.6243,0.059659,0.183254,11.6794,11.5519,15.8688,77.9673
lfw-deepfunneled/lfw-deepfunneled/Greg_Hennigar/Greg_Hennigar_0001.jpg,1,1.63375,0.049553,0.162768,12.2364,10.1571,10.806,35.0456
lfw-deepfunneled/lfw-deepfunneled/Rudolf_Schuster/Rudolf_Schuster_0001.jpg,1,2.21582,0.052132,0.135608,15.0307,10.0267,56.1149,83.5759
lfw-deepfunneled/lfw-deepfunneled/Rollie_Massimino/Rollie_Massimino_0001.jpg,1,2.11721,0.040126,0.297112,9.99069,6.63497,47.3797,66.4598
lfw-deepfunneled/lfw-deepfunneled/Mauricio_Macri/Mauricio_Macri_0001.jpg,1,2.6998,0.066316,2.01924,15.034,6.48925,31.414,57.7225
lfw-deepfunneled/lfw-deepfunneled/Carly_Fiorina/Carly_Fiorina_0003.jpg,1,18.3808,0.054285,0.215703,11.5326,9.97122,4.94557,45.1002
lfw-deepfunneled/lfw-deepfunneled/Tom_Ridge/Tom_Ridge_0020.jpg,1,2.34958,0.042269,0.331938,7.64018,6.23804,17.7012,34.3033
lfw-deepfunneled/lfw-deepfunneled/Bill_Clinton/Bill_Clinton_0014.jpg,2,4.20204,0.051019,0.230298,11.5689,30.7347,5.63932,52.4262
lfw-deepfunneled/lfw-deepfunneled/Jeremy_Greenstock/Jeremy_Greenstock_0013.jpg,1,1.71345,0.056421,1.52705,10.1114,15.1413,5.62094,34.1706
lfw-deepfunneled/lfw-deepfunneled/Sachiko_Yamada/Sachiko_Yamada_0002.jpg,1,8.16204,0.040807,0.274853,20.3342,6.78373,18.4617,54.0573
lfw-deepfunneled/lfw-deepfunneled/Vicente_Fox/Vicente_Fox_0019.jpg,1,35.5999,0.054792,0.289023,9.87212,8.68837,8.43474,62.939
lfw-deepfunneled/lfw-deepfunneled/Bulent_Ecevit/Bulent_Ecevit_0001.jpg,1,3.15115,0.125209,0.110939,8.13464,6.98302,4.53178,23.0367
lfw-deepfunneled/lfw-deepfunneled/George_W_Bush/George_W_Bush_0373.jpg,1,1.73744,0.117819,0.18633,10.6236,6.54976,6.48895,25.7039
lfw-deepfunneled/lfw-deepfunneled/Peter_Greenaway/Peter_Greenaway_0002.jpg,1,2.67658,0.047044,0.261214,7.07483,11.5948,5.91611,27.5706
lfw-deepfunneled/lfw-deepfunneled/Mukesh_Ambani/Mukesh_Ambani_0003.jpg,1,7.1433,0.049564,0.20706,8.50142,6.76745,24.7454,47.4142
lfw-deepfunneled/lfw-deepfunneled/Joan_Laporta/Joan_Laporta_0003.jpg,1,2.18658,0.0502,0.262898,7.6531,11.6321,12.6838,34.4687
lfw-deepfunneled/lfw-deepfunneled/Tiger_Woods/Tiger_Woods_0014.jpg,1,10.1151,0.049457,0.203256,5.68845,6.7054,3.30214,26.0638
lfw-deepfunneled/lfw-deepfunneled/William_Hochul/William_Hochul_0001.jpg,1,1.98432,0.047611,0.330472,9.11163,6.21231,37.0308,54.7172
lfw-deepfunneled/lfw-deepfunneled/Carmen_Electra/Carmen_Electra_0006.jpg,1,2.29393,0.049059,0.307324,7.66211,10.0169,12.5901,32.9194
lfw-deepfunneled/lfw-deepfunneled/Laura_Bush/Laura_Bush_0009.jpg,2,2.15795,0.047623,0.216542,9.18699,12.6284,13.5203,37.7578
lfw-deepfunneled/lfw-deepfunneled/Tassos_Papadopoulos/Tassos_Papadopoulos_0002.jpg,1,7.31511,0.050551,0.113004,7.64991,6.36211,18.8108,40.3015
lfw-deepfunneled/lfw-deepfunneled/Norman_Mailer/Norman_Mailer_0001.jpg,1,18.6864,0.040393,0.1918,10.5427,14.2275,16.6555,60.3442
lfw-deepfunneled/lfw-deepfunneled/Ken_Dorsey/Ken_Dorsey_0001.jpg,1,2.24377,0.045989,3.1465,9.68327,19.7126,14.7672,49.5994
lfw-deepfunneled/lfw-deepfunneled/Mike_Miller/Mike_Miller_0001.jpg,1,2.377,0.049369,0.294963,8.52309,6.26586,4.06935,21.5796
lfw-deepfunneled/lfw-deepfunneled/Naomi_Watts/Naomi_Watts_0013.jpg,2,2.98549,0.046903,0.24992,10.7919,12.5931,6.59656,33.2638
lfw-deepfunneled/lfw-deepfunneled/George_W_Bush/George_W_Bush_0156.jpg,1,1.13909,0.048127,0.328053,10.8131,6.2268,15.3391,33.8943
lfw-deepfunneled/lfw-deepfunneled/Jim_Wall/Jim_Wall_0001.jpg,1,2.37805,0.046224,0.246163,6.69156,6.59099,11.6258,27.5788
lfw-deepfunneled/lfw-deepfunneled/Leah_Remini/Leah_Remini_0001.jpg,1,29.9965,0.041718,0.194703,8.45258,6.39828,15.16,60.2438
lfw-deepfunneled/lfw-deepfunneled/Gerhard_Schroeder/Gerhard_Schroeder_0027.jpg,1,2.19538,0.049299,0.3574,10.9322,6.31945,6.82329,26.677
lfw-deepfunneled/lfw-deepfunneled/Justine_Henin/Justine_Henin_0002.jpg,1,34.2128,0.041435,0.272665,7.24796,6.30169,52.3222,100.399
lfw-deepfunneled/lfw-deepfunneled/Colin_Powell/Colin_Powell_0182.jpg,2,1.52881,0.051186,0.212732,12.3664,19.774,22.1487,56.0819
lfw-deepfunneled/lfw-deepfunneled/Bulent_Ecevit/Bulent_Ecevit_0006.jpg,1,16.1133,0.038991,0.223682,9.18743,6.35066,38.8725,70.7865
lfw-deepfunneled/lfw-deepfunneled/Larry_Flynt/Larry_Flynt_0001.jpg,1,45.949,0.048349,0.223125,8.28647,6.27751,46.2364,107.021
lfw-deepfunneled/lfw-deepfunneled/Muhammad_Ali/Muhammad_Ali_0010.jpg,1,44.0436,0.061491,0.286411,6.66123,10.0896,33.091,94.2333
lfw-deepfunneled/lfw-deepfunneled/Stephen_Friedman/Stephen_Friedman_0002.jpg,1,2.24282,0.039594,0.166791,7.97533,6.3064,49.3189,66.0498
lfw-deepfunneled/lfw-deepfunneled/David_Beckham/David_Beckham_0006.jpg,1,1.49163,0.037795,0.286901,12.927,6.3689,43.9017,65.0139
lfw-deepfunneled/lfw-deepfunneled/Marc_Gold/Marc_Gold_0001.jpg,1,18.7067,0.036342,0.20948,14.2957,6.51866,53.1621,92.929
lfw-deepfunneled/lfw-deepfunneled/Donald_Rumsfeld/Donald_Rumsfeld_0053.jpg,1,53.5563,0.057623,0.292047,13.4156,6.41748,46.146,119.885
lfw-deepfunneled/lfw-deepfunneled/Colin_Powell/Colin_Powell_0169.jpg,2,0.730027,0.036298,0.2015,11.3061,12.6504,8.65801,33.5823
lfw-deepfunneled/lfw-deepfunneled/Charles_Taylor/Charles_Taylor_0001.jpg,1,2.1957,0.059754,0.202769,12.6349,6.38689,5.56685,27.0469
lfw-deepfunneled/lfw-deepfunneled/Steve_Ballmer/Steve_Ballmer_0002.jpg,1,1.67981,0.054476,0.209299,9.83954,10.8438,3.10804,25.735
lfw-deepfunneled/lfw-deepfunneled/Amelia_Vega/Amelia_Vega_0002.jpg,1,1.6797,0.052336,0.231808,14.2001,9.87425,4.63409,30.6723
lfw-deepfunneled/lfw-deepfunneled/Jacques_Chirac/Jacques_Chirac_0044.jpg,1,1.70462,0.075114,0.164923,8.78957,10.3534,31.371,52.4586
lfw-deepfunneled/lfw-deepfunneled/Rick_Perry/Rick_Perry_0002.jpg,2,13.417,0.044698,0.232799,14.0202,20.3619,41.059,89.1356
lfw-deepfunneled/lfw-deepfunneled/Dominique_de_Villepin/Dominique_de_Villepin_0004.jpg,1,1.68763,0.05378,0.23616,7.36583,9.9772,41.5288,60.8494
lfw-deepfunneled/lfw-deepfunneled/George_W_Bush/George_W_Bush_0260.jpg,1,2.53845,0.046724,0.211376,10.3133,10.0636,11.324,34.4975
lfw-deepfunneled/lfw-deepfunneled/Bill_Gates/Bill_Gates_0015.jpg,1,33.9876,0.050943,0.262705,11.3263,10.2676,68.403,124.298
lfw-deepfunneled/lfw-deepfunneled/Anna_Kournikova/Anna_Kournikova_0011.jpg,1,1.40115,0.040007,0.24514,9.81187,6.60057,28.2005,46.2992
lfw-deepfunneled/lfw-deepfunneled/Denise_Locke/Denise_Locke_0001.jpg,1,4.01834,0.052758,0.249961,10.5212,6.60896,5.18696,26.6382
lfw-deepfunneled/lfw-deepfunneled/Laura_Bush/Laura_Bush_0001.jpg,1,0.763412,0.049224,0.20174,11.0833,6.46294,47.7618,66.3225
lfw-deepfunneled/lfw-deepfunneled/Edward_Egan/Edward_Egan_0001.jpg,2,3.16293,0.038255,0.257675,12.0338,12.7662,5.85015,34.109
lfw-deepfunneled/lfw-deepfunneled/Ciro_Gomes/Ciro_Gomes_0005.jpg,1,1.52015,0.039928,0.268645,9.70771,6.60673,45.1424,63.2855
lfw-deepfunneled/lfw-deepfunneled/Sven_Ottke/Sven_Ottke_0001.jpg,1,1.6049,0.036924,0.399886,10.3753,6.32828,9.81513,28.5604
lfw-deepfunneled/lfw-deepfunneled/Silvie_Cabero/Silvie_Cabero_0001.jpg,1,12.6371,0.038611,0.311861,6.97969,6.51422,9.70439,36.1859
lfw-deepfunneled/lfw-deepfunneled/Kevin_Hearn/Kevin_Hearn_0001.jpg,2,1.77139,0.048929,0.171166,8.57611,30.5784,35.8974,77.0433
lfw-deepfunneled/lfw-deepfunneled/Polona_Bas/Polona_Bas_0001.jpg,1,1.63806,0.053424,0.22616,15.237,9.86052,44.8374,71.8526
lfw-deepfunneled/lfw-deepfunneled/Li_Peng/Li_Peng_0001.jpg,1,40.923,0.053162,0.175926,17.7441,6.3004,8.33307,73.5296
lfw-deepfunneled/lfw-deepfunneled/Donald_Rumsfeld/Donald_Rumsfeld_0063.jpg,2,0.773156,0.039049,0.225284,14.0688,13.0976,8.7544,36.9583
lfw-deepfunneled/lfw-deepfunneled/Norodom_Sihanouk/Norodom_Sihanouk_0003.jpg,1,2.85598,0.040013,0.240182,10.2651,6.64432,6.24367,26.2893
lfw-deepfunneled/lfw-deepfunneled/Trent_Lott/Trent_Lott_0007.jpg,1,39.6276,0.03955,0.226875,12.3824,6.38637,38.979,97.6419
lfw-deepfunneled/lfw-deepfunneled/Laura_Bush/Laura_Bush_0019.jpg,1,0.750882,0.03913,0.71998,8.32503,6.72261,21.0646,37.6223
lfw-deepfunneled/lfw-deepfunneled/Sinead_OConnor/Sinead_OConnor_0001.jpg,1,1.71049,0.051818,1.13848,13.6045,9.9902,24.1759,50.6714
lfw-deepfunneled/lfw-deepfunneled/Zico/Zico_0003.jpg,2,41.6526,0.052479,0.945444,12.3245,19.7804,32.2042,106.96
lfw-deepfunneled/lfw-deepfunneled/Brian_De_Palma/Brian_De_Palma_0001.jpg,2,12.9579,0.055126,0.636206,15.2644,20.02,15.7146,64.6483
lfw-deepfunneled/lfw-deepfunneled/Asif_Hanif/Asif_Hanif_0001.jpg,1,1.69329,0.055598,0.411049,8.62672,11.3096,19.4989,41.5951
lfw-deepfunneled/lfw-deepfunneled/George_W_Bush/George_W_Bush_0522.jpg,1,17.8206,0.066185,0.582346,12.2295,10.0229,50.1937,90.9152
lfw-deepfunneled/lfw-deepfunneled/Alyson_Hannigan/Alyson_Hannigan_0001.jpg,1,1.66784,0.063323,1.10152,15.5994,9.92755,4.62439,32.984
lfw-deepfunneled/lfw-deepfunneled/Tim_Chapman/Tim_Chapman_0001.jpg,1,40.5331,0.039395,0.962724,11.3245,10.2243,52.9299,116.014
lfw-deepfunneled/lfw-deepfunneled/Abdullah_Gul/Abdullah_Gul_0004.jpg,1,10.3549,0.054053,0.388578,11.286,9.95345,7.42258,39.4595
lfw-deepfunneled/lfw-deepfunneled/Judi_Dench/Judi_Dench_0001.jpg,1,1.59624,0.05232,0.465401,8.25778,9.8346,9.24502,29.4514
lfw-deepfunneled/lfw-deepfunneled/Joseph_Fiennes/Joseph_Fiennes_0001.jpg,1,1.78162,0.057323,0.400845,11.402,10.2316,44.4086,68.2819
lfw-deepfunneled/lfw-deepfunneled/Michael_Schumacher/Michael_Schumacher_0011.jpg,2,1.5352,0.038758,0.557095,18.5761,12.5735,49.6248,82.9055
lfw-deepfunneled/lfw-deepfunneled/Colin_Powell/Colin_Powell_0173.jpg,1,0.740286,0.044976,2.442,13.6408,6.3831,7.0679,30.319
lfw-deepfunneled/lfw-deepfunneled/Garry_Trudeau/Garry_Trudeau_0002.jpg,1,1.54209,0.03837,1.03072,14.554,6.41258,9.95564,33.5334
lfw-deepfunneled/lfw-deepfunneled/Martin_Cauchon/Martin_Cauchon_0001.jpg,2,1.4449,0.039486,1.21181,12.8721,12.597,18.3817,46.547
lfw-deepfunneled/lfw-deepfunneled/Sheila_Copps/Sheila_Copps_0004.jpg,2,9.02552,0.03927,1.28571,11.9755,12.6751,43.7035,78.7047
lfw-deepfunneled/lfw-deepfunneled/George_W_Bush/George_W_Bush_0309.jpg,1,0.878828,0.058054,1.15351,12.1459,10.0244,9.54282,33.8035
lfw-deepfunneled/lfw-deepfunneled/Robert_Duvall/Robert_Duvall_0003.jpg,1,2.34352,0.07141,1.12287,12.0118,9.87931,8.45115,33.88
lfw-deepfunneled/lfw-deepfunneled/Colin_Powell/Colin_Powell_0084.jpg,1,8.26669,0.041763,0.789452,9.03628,6.36452,17.961,42.4597
lfw-deepfunneled/lfw-deepfunneled/Donald_Rumsfeld/Donald_Rumsfeld_0048.jpg,1,0.729176,0.037426,1.19623,10.6817,6.21983,55.764,74.6284
lfw-deepfunneled/lfw-deepfunneled/Jorma_Huhtala/Jorma_Huhtala_0001.jpg,1,1.50599,0.039677,1.43039,14.7006,6.31319,51.5626,75.5524
lfw-deepfunneled/lfw-deepfunneled/Tali_Imani/Tali_Imani_0001.jpg,1,81.1104,0.050711,1.02399,8.59614,10.0591,44.3462,145.187
lfw-deepfunneled/lfw-deepfunneled/Lars_Von_Trier/Lars_Von_Trier_0001.jpg,1,2.7489,0.051181,1.02001,15.136,6.55384,6.38775,31.8977
lfw-deepfunneled/lfw-deepfunneled/Meryl_Streep/Meryl_Streep_0002.jpg,1,54.0108,0.040648,0.797346,13.028,10.27,72.0806,150.227
lfw-deepfunneled/lfw-deepfunneled/Vincent_Brooks/Vincent_Brooks_0005.jpg,1,1.67386,0.052493,1.20746,11.1318,6.57731,52.8804,73.5233
lfw-deepfunneled/lfw-deepfunneled/Cherie_Blair/Cherie_Blair_0003.jpg,1,46.1575,0.036845,1.12157,8.45785,6.4006,41.979,104.153
lfw-deepfunneled/lfw-deepfunneled/Fred_Huff/Fred_Huff_0001.jpg,1,1.73331,0.059315,1.21076,10.7345,9.92123,13.3292,36.9883
lfw-deepfunneled/lfw-deepfunneled/Robert_Evans/Robert_Evans_0001.jpg,1,5.50772,0.053238,1.15465,8.75314,12.0592,10.7855,38.3135
lfw-deepfunneled/lfw-deepfunneled/George_Robertson/George_Robertson_0007.jpg,1,2.30294,0.052391,1.1528,13.1379,10.0079,4.79147,31.4454
lfw-deepfunneled/lfw-deepfunneled/Abel_Aguilar/Abel_Aguilar_0001.jpg,1,1.66672,0.051934,0.979018,11.7953,10.5102,5.98066,30.9838
lfw-deepfunneled/lfw-deepfunneled/Michael_Powell/Michael_Powell_0001.jpg,1,1.70274,0.051844,0.969102,12.4224,10.7913,48.0693,74.0066
lfw-deepfunneled/lfw-deepfunneled/Vicente_Fox/Vicente_Fox_0016.jpg,1,0.839402,0.052606,1.15133,13.5529,9.93984,55.9778,81.5139
lfw-deepfunneled/lfw-deepfunneled/Jesse_Ventura/Jesse_Ventura_0001.jpg,1,48.7765,0.070688,1.4442,11.9939,6.80629,4.45614,73.5477
lfw-deepfunneled/lfw-deepfunneled/Michael_Diekmann/Michael_Diekmann_0001.jpg,1,1.49471,0.042771,1.21443,12.5444,6.4131,7.46621,29.1756
lfw-deepfunneled/lfw-deepfunneled/John_Howard/John_Howard_0018.jpg,2,1.52268,0.04005,1.30713,11.6695,12.6268,8.51995,35.6861
lfw-deepfunneled/lfw-deepfunneled/Laura_Bush/Laura_Bush_0011.jpg,1,16.5215,0.035931,1.20359,9.72424,6.3267,19.0362,52.8482
lfw-deepfunneled/lfw-deepfunneled/Megawati_Sukarnoputri/Megawati_Sukarnoputri_0012.jpg,1,0.751868,0.039298,1.32957,19.1435,6.52757,6.26898,34.0608
lfw-deepfunneled/lfw-deepfunneled/Jenny_Romero/Jenny_Romero_0001.jpg,1,1.48712,0.040521,1.22486,10.0279,7.72909,21.3041,41.8136
lfw-deepfunneled/lfw-deepfunneled/Cindy_Crawford/Cindy_Crawford_0001.jpg,2,1.51221,0.041103,1.25385,15.6577,12.6934,7.71083,38.8691
lfw-deepfunneled/lfw-deepfunneled/Julie_Gerberding/Julie_Gerberding_0008.jpg,1,3.5282,0.052071,1.27547,15.3518,6.45444,5.18268,31.8447
lfw-deepfunneled/lfw-deepfunneled/Kalpana_Chawla/Kalpana_Chawla_0005.jpg,1,2.12947,0.053908,2.91004,18.7725,6.35261,44.6605,74.8791
lfw-deepfunneled/lfw-deepfunneled/Alan_Ball/Alan_Ball_0002.jpg,1,1.98569,0.037496,1.16144,21.95,6.73709,49.817,81.6887
lfw-deepfunneled/lfw-deepfunneled/Shigeo_Nagashima/Shigeo_Nagashima_0001.jpg,1,2.35424,0.050066,1.17169,12.8047,6.37206,7.87938,30.6322
lfw-deepfunneled/lfw-deepfunneled/John_Stockton/John_Stockton_0004.jpg,1,1.67172,0.04819,1.12992,15.1993,6.26339,46.5677,70.8802
lfw-deepfunneled/lfw-deepfunneled/Luis_Horna/Luis_Horna_0003.jpg,1,1.8373,0.056083,0.940217,12.2944,6.30508,15.9322,37.3654
lfw-deepfunneled/lfw-deepfunneled/Roger_Suarez/Roger_Suarez_0001.jpg,1,2.12823,0.04133,1.19656,13.8201,6.36832,10.8133,34.3679
lfw-deepfunneled/lfw-deepfunneled/Doug_Christie/Doug_Christie_0001.jpg,1,2.0058,0.049387,1.24722,9.66639,10.8659,42.2178,66.0525
lfw-deepfunneled/lfw-deepfunneled/Hootie_Johnson/Hootie_Johnson_0002.jpg,1,2.56664,0.051882,0.992782,9.93438,9.9871,39.4086,62.9414
lfw-deepfunneled/lfw-deepfunneled/Elijah_Wood/Elijah_Wood_0003.jpg,1,12.8559,0.051496,1.14878,11.3658,10.3214,42.138,77.8813
lfw-deepfunneled/lfw-deepfunneled/Trisha_Meili/Trisha_Meili_0001.jpg,1,4.29203,0.054349,1.07851,27.7126,10.041,12.9662,56.1447
lfw-deepfunneled/lfw-deepfunneled/Lleyton_Hewitt/Lleyton_Hewitt_0016.jpg,1,1.62129,0.052253,1.09283,12.4656,10.0237,58.4255,83.6812
lfw-deepfunneled/lfw-deepfunneled/Anna_Kournikova/Anna_Kournikova_0012.jpg,1,0.862128,0.050854,1.20653,14.0951,10.1211,31.8264,58.1622
lfw-deepfunneled/lfw-deepfunneled/Tony_Shalhoub/Tony_Shalhoub_0001.jpg,2,2.42961,0.056801,1.13803,12.7395,19.9138,48.386,84.6638
lfw-deepfunneled/lfw-deepfunneled/Marcelo_Salas/Marcelo_Salas_0001.jpg,1,1.98465,0.037703,1.06318,18.764,6.4932,6.34783,34.6905
lfw-deepfunneled/lfw-deepfunneled/Diana_Taurasi/Diana_Taurasi_0001.jpg,1,2.50742,0.052606,1.16927,17.3789,10.3191,59.2776,90.7049
lfw-deepfunneled/lfw-deepfunneled/Laura_Bush/Laura_Bush_0016.jpg,1,0.735865,0.039775,1.21483,10.8038,6.28238,48.1535,67.2301
lfw-deepfunneled/lfw-deepfunneled/John_McCain/John_McCain_0005.jpg,1,10.331,0.039843,1.23497,8.1981,6.37641,48.5996,74.7799
lfw-deepfunneled/lfw-deepfunneled/Colin_Powell/Colin_Powell_0117.jpg,1,1.01795,0.053821,0.908668,10.1724,10.0401,45.5711,67.7641
lfw-deepfunneled/lfw-deepfunneled/Larry_Lucchino/Larry_Lucchino_0002.jpg,1,32.3169,0.044063,0.984109,9.40115,6.37494,54.7855,103.907
lfw-deepfunneled/lfw-deepfunneled/Bruce_Lunsford/Bruce_Lunsford_0001.jpg,1,1.51692,0.03898,1.2391,9.67192,6.4277,29.0209,47.9155
lfw-deepfunneled/lfw-deepfunneled/John_Rosa/John_Rosa_0002.jpg,1,1.72137,0.051277,1.12948,14.1807,10.4653,30.2426,57.7907
lfw-deepfunneled/lfw-deepfunneled/George_W_Bush/George_W_Bush_0179.jpg,2,0.884476,0.054291,1.12746,11.9352,19.991,24.795,58.7874
lfw-deepfunneled/lfw-deepfunneled/Julie_Gerberding/Julie_Gerberding_0011.jpg,1,10.9597,0.053128,5.99339,12.6701,10.1169,5.71145,45.5047
lfw-deepfunneled/lfw-deepfunneled/Jack_Straw/Jack_Straw_0013.jpg,1,1.48647,0.045711,1.24407,13.3859,6.43278,15.608,38.203
lfw-deepfunneled/lfw-deepfunneled/Alfonso_Portillo/Alfonso_Portillo_0001.jpg,1,1.456,0.039514,1.3254,10.3085,6.49725,29.2118,48.8384
lfw-deepfunneled/lfw-deepfunneled/JP_Suarez/JP_Suarez_0001.jpg,2,1.68339,0.050858,1.11586,13.0298,20.1838,51.8871,87.9508
lfw-deepfunneled/lfw-deepfunneled/Venus_Williams/Venus_Williams_0007.jpg,1,1.81024,0.040804,1.21988,12.1303,6.47693,13.0674,34.7456
lfw-deepfunneled/lfw-deepfunneled/Mahathir_Mohamad/Mahathir_Mohamad_0007.jpg,1,11.0464,0.085226,1.14066,10.1788,6.34698,4.20742,33.0055
lfw-deepfunneled/lfw-deepfunneled/Magdalena_Maleeva/Magdalena_Maleeva_0002.jpg,1,2.2727,0.053028,1.17745,8.67393,10.7839,50.1517,73.1127
lfw-deepfunneled/lfw-deepfunneled/Colin_Powell/Colin_Powell_0160.jpg,1,1.29746,0.067995,1.14783,9.34364,10.1765,6.0711,28.1045
lfw-deepfunneled/lfw-deepfunneled/Colin_Powell/Colin_Powell_0227.jpg,1,0.886033,0.056027,1.1147,7.48475,9.97551,48.8833,68.4003
lfw-deepfunneled/lfw-deepfunneled/Sebastian_Saja/Sebastian_Saja_0003.jpg,1,1.68812,0.052607,1.12278,10.6709,9.90273,6.60182,30.0389
lfw-deepfunneled/lfw-deepfunneled/Andy_Bryant/Andy_Bryant_0001.jpg,1,4.92523,0.056971,1.13146,17.0592,10.1677,51.9382,85.2788
lfw-deepfunneled/lfw-deepfunneled/Bartosz_Kizierowski/Bartosz_Kizierowski_0001.jpg,1,8.08441,0.067419,1.1037,10.4678,10.0269,5.63334,35.3837
lfw-deepfunneled/lfw-deepfunneled/Bernard_Kerik/Bernard_Kerik_0001.jpg,1,10.6204,0.054454,1.19573,15.9062,10.1954,53.1255,91.0976
lfw-deepfunneled/lfw-deepfunneled/Lee_Tae-sik/Lee_Tae-sik_0001.jpg,1,1.87122,0.054837,0.902856,11.7832,10.1515,47.2493,72.0129
lfw-deepfunneled/lfw-deepfunneled/Carlos_Menem/Carlos_Menem_0017.jpg,2,1.65763,0.05302,1.10242,10.3966,19.6781,31.89,64.7778
lfw-deepfunneled/lfw-deepfunneled/Timothy_Wirth/Timothy_Wirth_0001.jpg,1,15.0535,0.064332,1.24561,13.8964,9.95793,16.4243,56.6421
lfw-deepfunneled/lfw-deepfunneled/George_W_Bush/George_W_Bush_0291.jpg,2,0.882087,0.058722,1.11473,12.903,19.8657,60.2471,95.0714
lfw-deepfunneled/lfw-deepfunneled/Mario_Lemieux/Mario_Lemieux_0001.jpg,1,2.51987,0.052663,1.16283,12.5336,10.2239,9.43826,35.9311
lfw-deepfunneled/lfw-deepfunneled/Hugh_Grant/Hugh_Grant_0006.jpg,1,1.99605,0.063749,2.04746,12.1148,6.41803,7.43156,30.0716
lfw-deepfunneled/lfw-deepfunneled/Jesse_Jackson/Jesse_Jackson_0005.jpg,1,34.8849,0.036251,1.02949,8.53349,6.57215,3.93796,54.9943
lfw-deepfunneled/lfw-deepfunneled/Robert_Weitzel/Robert_Weitzel_0001.jpg,1,34.4466,0.039269,1.34218,11.1243,7.0175,48.879,102.849
lfw-deepfunneled/lfw-deepfunneled/Donald_Fehr/Donald_Fehr_0001.jpg,1,1.87728,0.053628,0.914151,10.5969,10.1919,49.4763,73.11
lfw-deepfunneled/lfw-deepfunneled/Li_Zhaoxing/Li_Zhaoxing_0008.jpg,1,1.61009,0.053922,1.12846,12.9529,10.1538,45.7363,71.6356
lfw-deepfunneled/lfw-deepfunneled/Thabo_Mbeki/Thabo_Mbeki_0001.jpg,1,1.70884,0.051439,1.13621,9.0656,10.1165,50.325,72.4036
lfw-deepfunneled/lfw-deepfunneled/Hugo_Chavez/Hugo_Chavez_0007.jpg,1,1.83687,0.05666,0.982024,18.9414,15.0836,47.0698,83.9704
lfw-deepfunneled/lfw-deepfunneled/George_W_Bush/George_W_Bush_0298.jpg,1,0.822787,0.05432,0.917149,13.1775,10.2287,2.80179,28.0022
lfw-deepfunneled/lfw-deepfunneled/Mohammed_Dahlan/Mohammed_Dahlan_0001.jpg,2,3.14513,0.051239,0.792782,10.1121,20.3229,49.8694,84.2937
lfw-deepfunneled/lfw-deepfunneled/Gordon_Brown/Gordon_Brown_0001.jpg,1,1.57641,0.047245,1.15563,10.7688,9.91235,39.7991,63.2594
lfw-deepfunneled/lfw-deepfunneled/Emma_Watson/Emma_Watson_0001.jpg,1,2.2846,0.053116,1.01988,9.64888,10.4223,25.4752,48.904
lfw-deepfunneled/lfw-deepfunneled/Bob_Colvin/Bob_Colvin_0002.jpg,1,1.71089,0.051706,0.927681,13.5511,7.01813,46.5174,69.7768
lfw-deepfunneled/lfw-deepfunneled/Morris_Dees/Morris_Dees_0001.jpg,1,1.60808,0.051173,1.06,11.4277,6.72127,58.8256,79.6938
lfw-deepfunneled/lfw-deepfunneled/Serena_Williams/Serena_Williams_0006.jpg,1,3.27988,0.062748,1.01263,6.49917,9.86264,6.62535,27.3424
lfw-deepfunneled/lfw-deepfunneled/Martha_Lucia_Ramirez/Martha_Lucia_Ramirez_0003.jpg,2,1.74967,0.052807,0.988744,14.2275,19.8518,5.84765,42.7181
lfw-deepfunneled/lfw-deepfunneled/Christine_Baumgartner/Christine_Baumgartner_0002.jpg,1,2.18887,0.052611,1.08044,6.58577,11.7652,5.3281,27.001
lfw-deepfunneled/lfw-deepfunneled/Scott_Hamilton/Scott_Hamilton_0001.jpg,1,1.72449,0.057289,1.18587,17.3368,10.23,11.4968,42.0312
lfw-deepfunneled/lfw-deepfunneled/Vojislav_Kostunica/Vojislav_Kostunica_0004.jpg,1,1.69382,0.054484,1.15707,9.20039,9.99134,8.65097,30.7481
lfw-deepfunneled/lfw-deepfunneled/Tom_Craddick/Tom_Craddick_0001.jpg,2,1.70164,0.05638,1.07576,10.9918,19.9342,43.778,77.5378
lfw-deepfunneled/lfw-deepfunneled/Curtis_Strange/Curtis_Strange_0001.jpg,1,2.37745,0.051941,1.11061,9.71482,10.0187,40.9744,64.2479
lfw-deepfunneled/lfw-deepfunneled/Dorothy_Loudon/Dorothy_Loudon_0001.jpg,1,27.0367,0.048005,1.02061,13.1461,6.37458,48.9754,96.6013
lfw-deepfunneled/lfw-deepfunneled/Robinson_Stevenin/Robinson_Stevenin_0002.jpg,1,12.7563,0.05115,1.12913,11.9481,10.0656,52.8567,88.807
lfw-deepfunneled/lfw-deepfunneled/Ray_Evernham/Ray_Evernham_0001.jpg,1,2.04588,0.064313,0.94035,11.7789,10.619,22.0153,47.4637
lfw-deepfunneled/lfw-deepfunneled/Nikki_Reed/Nikki_Reed_0001.jpg,2,26.799,0.056785,0.931142,12.208,19.77,11.4724,71.2374
lfw-deepfunneled/lfw-deepfunneled/Jacques_Chirac/Jacques_Chirac_0023.jpg,1,1.17917,0.052369,0.948485,14.3761,10.1794,40.3502,67.0857
lfw-deepfunneled/lfw-deepfunneled/Gerhard_Schroeder/Gerhard_Schroeder_0108.jpg,1,0.855854,0.060259,1.12507,11.2417,6.48656,10.5601,30.3295
lfw-deepfunneled/lfw-deepfunneled/John_Anderson/John_Anderson_0001.jpg,1,1.6753,0.055855,1.17162,12.9505,9.9475,25.0384,50.8392
lfw-deepfunneled/lfw-deepfunneled/Salma_Hayek/Salma_Hayek_0003.jpg,1,60.8798,0.053309,0.968708,11.1985,9.87144,5.88399,88.8558
lfw-deepfunneled/lfw-deepfunneled/Art_Cooper/Art_Cooper_0001.jpg,2,1.69019,0.052066,0.974552,14.0893,20.0877,35.102,71.9959
lfw-deepfunneled/lfw-deepfunneled/Greg_Kinnear/Greg_Kinnear_0001.jpg,2,1.5819,0.050759,1.18044,15.8765,22.1124,60.5671,101.369
lfw-deepfunneled/lfw-deepfunneled/Peter_Mullan/Peter_Mullan_0001.jpg,1,2.70525,0.052215,0.954766,14.0671,6.19713,39.7407,63.7171
lfw-deepfunneled/lfw-deepfunneled/James_Blake/James_Blake_0011.jpg,1,45.107,0.064954,1.41465,11.4072,10.0631,19.8313,87.8883
lfw-deepfunneled/lfw-deepfunneled/David_Millar/David_Millar_0001.jpg,1,1.61383,0.054954,1.12213,11.2486,17.5807,53.4229,85.0431
lfw-deepfunneled/lfw-deepfunneled/Rudolph_Giuliani/Rudolph_Giuliani_0001.jpg,1,7.11828,0.051876,1.04849,11.9501,10.0246,11.491,41.6844
lfw-deepfunneled/lfw-deepfunneled/Gerry_Adams/Gerry_Adams_0004.jpg,2,2.77522,0.054714,0.944408,12.4396,19.9369,47.6955,83.8463
lfw-deepfunneled/lfw-deepfunneled/Bill_Clinton/Bill_Clinton_0027.jpg,1,0.871642,0.052017,1.15394,11.305,6.42021,49.4096,69.2124
lfw-deepfunneled/lfw-deepfunneled/Omar_Khan_Sharif/Omar_Khan_Sharif_0001.jpg,1,13.9601,0.055428,6.74844,12.7652,6.38232,26.0276,65.939
lfw-deepfunneled/lfw-deepfunneled/Dominick_Dunne/Dominick_Dunne_0001.jpg,1,2.4687,0.05206,1.12831,15.9647,10.0828,48.766,78.4626
lfw-deepfunneled/lfw-deepfunneled/Tassos_Papadopoulos/Tassos_Papadopoulos_0001.jpg,2,0.805923,0.053006,1.37633,13.1321,12.6093,23.794,51.7706
lfw-deepfunneled/lfw-deepfunneled/Ray_Romano/Ray_Romano_0002.jpg,1,1.89163,0.053737,2.65949,13.8294,10.0396,63.5103,91.9841
lfw-deepfunneled/lfw-deepfunneled/Tiger_Woods/Tiger_Woods_0011.jpg,1,1.22724,0.063888,1.45162,8.65438,9.98711,9.9739,31.3581
lfw-deepfunneled/lfw-deepfunneled/Jacqueline_Gold/Jacqueline_Gold_0001.jpg,1,2.11327,0.052055,1.12127,9.93845,9.98881,14.364,37.5779
lfw-deepfunneled/lfw-deepfunneled/Ron_Dittemore/Ron_Dittemore_0005.jpg,1,2.25818,0.054316,1.15065,13.8879,9.90507,9.1817,36.4378
lfw-deepfunneled/lfw-deepfunneled/Princess_Anne/Princess_Anne_0001.jpg,1,39.71,0.065058,1.18097,9.09742,10.0853,29.8465,89.9853
lfw-deepfunneled/lfw-deepfunneled/Susan_Collins/Susan_Collins_0002.jpg,1,1.54745,0.054162,1.57559,10.6571,6.24749,46.7901,66.8719
lfw-deepfunneled/lfw-deepfunneled/Oscar_De_La_Hoya/Oscar_De_La_Hoya_0001.jpg,1,1.43448,0.039836,1.17728,14.2147,6.69227,49.9657,73.5242
lfw-deepfunneled/lfw-deepfunneled/Ashraf_Ghani/Ashraf_Ghani_0001.jpg,1,2.50706,0.053632,1.1854,14.5037,11.9733,5.44825,35.6713
lfw-deepfunneled/lfw-deepfunneled/John_Kerry/John_Kerry_0004.jpg,1,1.59978,0.050224,1.16336,12.743,10.1216,49.1951,74.873
lfw-deepfunneled/lfw-deepfunneled/Timothy_Coughlin/Timothy_Coughlin_0001.jpg,1,19.4415,0.13298,0.942701,11.1809,6.3962,26.0937,64.1879
lfw-deepfunneled/lfw-deepfunneled/George_W_Bush/George_W_Bush_0186.jpg,2,0.809301,0.050452,1.14714,13.216,20.5936,17.0881,52.9047
lfw-deepfunneled/lfw-deepfunneled/Derek_Bond/Derek_Bond_0001.jpg,1,1.67258,0.053566,1.10882,10.1339,10.3679,56.7271,80.0639
lfw-deepfunneled/lfw-deepfunneled/Tom_Schnackenberg/Tom_Schnackenberg_0001.jpg,1,43.9947,0.03795,1.01648,10.7676,7.12877,45.6694,108.615
lfw-deepfunneled/lfw-deepfunneled/Nick_Nolte/Nick_Nolte_0004.jpg,1,2.73654,0.049893,1.11044,11.7981,8.18726,48.8336,72.7158
lfw-deepfunneled/lfw-deepfunneled/Christian_Longo/Christian_Longo_0002.jpg,1,1.58356,0.057461,1.33952,12.4815,10.0954,6.26789,31.8253
lfw-deepfunneled/lfw-deepfunneled/Phil_Bennett/Phil_Bennett_0001.jpg,1,36.9862,0.04408,1.51043,13.3372,6.24833,15.3063,73.4326
lfw-deepfunneled/lfw-deepfunneled/Juanes/Juanes_0003.jpg,1,4.11129,0.056989,1.4589,10.5311,10.1405,31.8538,58.1526
lfw-deepfunneled/lfw-deepfunneled/Tony_Blair/Tony_Blair_0002.jpg,1,27.7773,0.04623,1.23431,11.0442,22.7039,38.5429,101.349
lfw-deepfunneled/lfw-deepfunneled/Arnold_Schwarzenegger/Arnold_Schwarzenegger_0002.jpg,1,1.64839,0.054457,1.10023,7.16924,9.96305,27.9132,47.8485
lfw-deepfunneled/lfw-deepfunneled/Jeff_George/Jeff_George_0001.jpg,1,1.84559,0.055069,1.05683,15.3521,10.1105,8.44717,36.8672
lfw-deepfunneled/lfw-deepfunneled/Colin_Powell/Colin_Powell_0080.jpg,1,0.950344,0.054659,1.14657,15.754,10.0657,26.943,54.9143
lfw-deepfunneled/lfw-deepfunneled/Gloria_Macapagal_Arroyo/Gloria_Macapagal_Arroyo_0035.jpg,1,1.64608,0.053058,1.18837,13.4465,10.6027,8.11502,35.0517
lfw-deepfunneled/lfw-deepfunneled/Amber_Tamblyn/Amber_Tamblyn_0002.jpg,1,2.71147,0.055135,1.17444,12.4969,9.94296,41.7672,68.1481
lfw-deepfunneled/lfw-deepfunneled/Tony_Blair/Tony_Blair_0030.jpg,1,1.76992,0.054377,4.25027,12.276,10.4032,42.7313,71.485
lfw-deepfunneled/lfw-deepfunneled/Lee_Chang-dong/Lee_Chang-dong_0001.jpg,1,1.666,0.05656,0.942324,15.1186,10.3957,91.1529,119.332
lfw-deepfunneled/lfw-deepfunneled/Marion_Barry/Marion_Barry_0001.jpg,3,1.64661,0.050691,1.23795,16.4526,29.5562,14.3315,63.2756
lfw-deepfunneled/lfw-deepfunneled/Norah_Jones/Norah_Jones_0003.jpg,1,6.20396,0.040154,1.46064,12.1772,9.92246,46.6729,76.4773
lfw-deepfunneled/lfw-deepfunneled/Elizabeth_Dole/Elizabeth_Dole_0002.jpg,1,9.77984,0.054853,1.35556,7.78592,10.2402,21.4976,50.714
lfw-deepfunneled/lfw-deepfunneled/Colin_Powell/Colin_Powell_0101.jpg,2,3.94487,0.039541,1.02626,11.7322,19.7848,40.892,77.4197
lfw-deepfunneled/lfw-deepfunneled/Alvaro_Uribe/Alvaro_Uribe_0031.jpg,1,57.4191,0.041521,3.11979,10.5409,10.4512,59.2256,140.798
lfw-deepfunneled/lfw-deepfunneled/Kim_Ryong-sung/Kim_Ryong-sung_0004.jpg,1,1.50626,0.052046,1.23269,15.3279,7.90402,5.68024,31.7031
lfw-deepfunneled/lfw-deepfunneled/Vincent_Cianci_Jr/Vincent_Cianci_Jr_0001.jpg,1,21.2789,0.0375,0.967106,15.4337,8.67627,41.9612,88.3547
lfw-deepfunneled/lfw-deepfunneled/Clay_Aiken/Clay_Aiken_0002.jpg,1,1.71788,0.051283,2.95455,13.4607,18.5509,47.3044,84.0397
lfw-deepfunneled/lfw-deepfunneled/George_W_Bush/George_W_Bush_0069.jpg,1,0.875474,0.053148,1.23301,14.7903,7.33217,50.4031,74.6872
lfw-deepfunneled/lfw-deepfunneled/James_Phelps/James_Phelps_0001.jpg,3,1.65035,0.041298,2.48821,15.1366,30.5176,55.0309,104.865
lfw-deepfunneled/lfw-deepfunneled/Kate_Richardson/Kate_Richardson_0001.jpg,1,40.2265,0.063625,1.06685,13.1161,6.67942,104.814,165.966
lfw-deepfunneled/lfw-deepfunneled/George_W_Bush/George_W_Bush_0185.jpg,1,0.851893,0.051982,1.62296,14.3847,9.99807,6.80234,33.7119
lfw-deepfunneled/lfw-deepfunneled/Mike_Montgomery/Mike_Montgomery_0001.jpg,1,1.65348,0.055034,1.18097,14.8875,10.2564,8.26614,36.2996
lfw-deepfunneled/lfw-deepfunneled/Ariel_Sharon/Ariel_Sharon_0054.jpg,1,2.19796,0.051747,1.11902,7.66317,10.0291,6.73191,27.7929
lfw-deepfunneled/lfw-deepfunneled/Venus_Williams/Venus_Williams_0004.jpg,1,1.00535,0.052699,1.15542,8.35841,10.0431,8.60958,29.2245
lfw-deepfunneled/lfw-deepfunneled/Billy_Crystal/Billy_Crystal_0005.jpg,2,1.58838,0.054038,1.13904,12.7466,19.9918,46.0228,81.5428
lfw-deepfunneled/lfw-deepfunneled/William_Ford_Jr/William_Ford_Jr_0006.jpg,2,7.13386,0.067,1.41051,19.9168,20.208,16.639,65.3752
lfw-deepfunneled/lfw-deepfunneled/James_Robertson_Jr/James_Robertson_Jr_0001.jpg,1,4.0549,0.052207,3.39478,10.7634,6.90066,43.1874,68.3534
lfw-deepfunneled/lfw-deepfunneled/Pedro_Solbes/Pedro_Solbes_0004.jpg,1,1.71077,0.06511,1.16184,8.82147,9.91076,10.9064,32.5763
lfw-deepfunneled/lfw-deepfunneled/Andrew_Firestone/Andrew_Firestone_0001.jpg,1,1.62985,0.069052,1.00677,19.132,10.0025,52.7908,84.631
lfw-deepfunneled/lfw-deepfunneled/Julian_Battle/Julian_Battle_0001.jpg,1,3.01438,0.068341,1.41867,7.59437,10.049,6.04588,28.1906
lfw-deepfunneled/lfw-deepfunneled/Thomas_OBrien/Thomas_OBrien_0007.jpg,1,1.6868,0.053718,1.40218,11.736,10.461,60.9895,86.3292
lfw-deepfunneled/lfw-deepfunneled/Sue_Johnston/Sue_Johnston_0001.jpg,2,1.61429,0.052476,1.31713,18.483,19.9561,36.2537,77.6766
lfw-deepfunneled/lfw-deepfunneled/Alison_Krauss/Alison_Krauss_0001.jpg,1,1.74283,0.052189,1.11117,10.5732,10.0867,6.24061,29.8066
lfw-deepfunneled/lfw-deepfunneled/Jean_Chretien/Jean_Chretien_0046.jpg,1,30.8087,0.051665,1.04585,8.93714,10.0741,49.1193,100.037
lfw-deepfunneled/lfw-deepfunneled/Marisol_Martinez_Sambran/Marisol_Martinez_Sambran_0001.jpg,1,1.66061,0.051192,3.13086,11.2668,9.88997,16.0038,42.0033
lfw-deepfunneled/lfw-deepfunneled/Vladimir_Putin/Vladimir_Putin_0024.jpg,1,1.69397,0.055642,0.90825,18.3055,10.1329,47.092,78.1883
lfw-deepfunneled/lfw-deepfunneled/George_W_Bush/George_W_Bush_0215.jpg,1,0.890224,0.065099,1.44373,13.4489,10.6639,6.79917,33.311
lfw-deepfunneled/lfw-deepfunneled/Barbra_Streisand/Barbra_Streisand_0002.jpg,1,2.36408,0.057899,1.42198,12.4486,9.9784,25.0648,51.3358
lfw-deepfunneled/lfw-deepfunneled/Andre_Agassi/Andre_Agassi_0013.jpg,1,45.4295,0.056628,1.20219,7.83992,10.0375,46.6434,111.209
lfw-deepfunneled/lfw-deepfunneled/Sergio_Garcia/Sergio_Garcia_0002.jpg,1,37.0297,0.049548,1.22644,11.2425,10.1083,31.5524,91.2089
lfw-deepfunneled/lfw-deepfunneled/Askar_Akayev/Askar_Akayev_0001.jpg,3,1.44775,0.046887,1.47455,12.3076,38.5129,60.6691,114.459
lfw-deepfunneled/lfw-deepfunneled/Princess_Caroline/Princess_Caroline_0005.jpg,1,2.01624,0.066617,1.07771,6.83743,6.31377,7.0349,23.3467
lfw-deepfunneled/lfw-deepfunneled/David_Beckham/David_Beckham_0001.jpg,1,1.3212,0.038053,3.26734,9.18295,10.2258,19.4863,43.5217
lfw-deepfunneled/lfw-deepfunneled/Carlos_Arroyo/Carlos_Arroyo_0001.jpg,2,1.62748,0.052148,1.17643,14.8056,29.6032,60.0364,107.301
lfw-deepfunneled/lfw-deepfunneled/LeBron_James/LeBron_James_0005.jpg,1,1.92491,0.064452,1.09683,12.5723,10.1609,4.34586,30.1652
lfw-deepfunneled/lfw-deepfunneled/Don_Matthews/Don_Matthews_0001.jpg,1,1.68217,0.042724,2.05772,8.29685,9.94364,30.2565,52.2796
lfw-deepfunneled/lfw-deepfunneled/Hans_Blix/Hans_Blix_0037.jpg,2,34.8388,0.061174,0.999263,6.53901,19.9809,48.6307,111.05
lfw-deepfunneled/lfw-deepfunneled/Gianna_Angelopoulos-Daskalaki/Gianna_Angelopoulos-Daskalaki_0003.jpg,1,2.185,0.053371,0.9551,15.3707,9.88013,7.82861,36.2729
lfw-deepfunneled/lfw-deepfunneled/David_Sousa/David_Sousa_0001.jpg,1,34.4521,0.066709,0.816072,16.3797,10.0854,6.75194,68.552
lfw-deepfunneled/lfw-deepfunneled/Sadie_Frost/Sadie_Frost_0003.jpg,1,19.3159,0.05159,0.972403,18.4293,9.99898,34.0748,82.843
lfw-deepfunneled/lfw-deepfunneled/Joe_Metz/Joe_Metz_0001.jpg,1,2.46396,0.052811,1.3022,9.80632,10.1888,27.7471,51.5612
lfw-deepfunneled/lfw-deepfunneled/Carlos_Moya/Carlos_Moya_0008.jpg,1,1.71589,0.047141,1.14052,11.7857,6.68898,47.3147,68.6929
lfw-deepfunneled/lfw-deepfunneled/Eduard_Shevardnadze/Eduard_Shevardnadze_0002.jpg,2,2.14268,0.053392,2.40583,8.33723,20.0438,43.374,76.3569
lfw-deepfunneled/lfw-deepfunneled/Carol_Niedermayer/Carol_Niedermayer_0001.jpg,1,32.6402,0.05154,1.23061,11.619,9.9837,10.4967,66.0218
lfw-deepfunneled/lfw-deepfunneled/Brendan_Gaughan/Brendan_Gaughan_0001.jpg,1,1.7121,0.053789,1.19613,10.2442,9.88575,7.4066,30.4985
lfw-deepfunneled/lfw-deepfunneled/Meryl_Streep/Meryl_Streep_0008.jpg,1,0.830736,0.051967,1.08723,8.3831,10.2595,20.4873,41.0999
lfw-deepfunneled/lfw-deepfunneled/George_W_Bush/George_W_Bush_0201.jpg,1,14.3685,0.055016,1.20676,13.7259,8.33305,17.0375,54.7267
lfw-deepfunneled/lfw-deepfunneled/Beatriz_Merino/Beatriz_Merino_0001.jpg,1,2.15297,0.039507,1.11061,9.48002,9.97824,37.5328,60.2941
lfw-deepfunneled/lfw-deepfunneled/Nicanor_Duarte_Frutos/Nicanor_Duarte_Frutos_0011.jpg,1,1.76819,0.039437,1.24633,13.5718,14.0553,51.0552,81.7363
lfw-deepfunneled/lfw-deepfunneled/Salma_Hayek/Salma_Hayek_0010.jpg,1,0.998279,0.040784,1.29437,13.1297,10.8785,8.84142,35.183
lfw-deepfunneled/lfw-deepfunneled/Roger_Federer/Roger_Federer_0005.jpg,1,1.70374,0.056261,1.11051,9.89199,10.331,37.8643,60.9578
lfw-deepfunneled/lfw-deepfunneled/Colin_Powell/Colin_Powell_0016.jpg,2,20.8865,0.084467,1.18487,22.5351,20.3839,53.0008,118.076
lfw-deepfunneled/lfw-deepfunneled/Jerome_Jenkins/Jerome_Jenkins_0001.jpg,1,1.81527,0.058831,1.15824,9.19374,10.1091,47.157,69.4922
lfw-deepfunneled/lfw-deepfunneled/Mike_Krzyzewski/Mike_Krzyzewski_0005.jpg,1,1.65003,0.055661,0.943809,16.3953,10.0845,40.7866,69.9159
lfw-deepfunneled/lfw-deepfunneled/Jean_Charest/Jean_Charest_0016.jpg,1,39.7759,0.051954,1.62427,14.4277,9.93245,6.67389,72.4862
lfw-deepfunneled/lfw-deepfunneled/Li_Peng/Li_Peng_0009.jpg,1,0.803169,0.056689,0.9197,12.31,10.1083,5.09497,29.2928
lfw-deepfunneled/lfw-deepfunneled/Mark_Philippoussis/Mark_Philippoussis_0008.jpg,1,1.49171,0.055181,1.16286,8.41806,7.39868,53.3747,71.9012
lfw-deepfunneled/lfw-deepfunneled/Ann_Veneman/Ann_Veneman_0004.jpg,1,1.55505,0.05269,1.03497,12.0782,6.21585,41.9842,62.921
lfw-deepfunneled/lfw-deepfunneled/Hosni_Mubarak/Hosni_Mubarak_0004.jpg,1,1.49317,0.054815,1.43104,15.0869,6.57082,51.435,76.0718
lfw-deepfunneled/lfw-deepfunneled/Vicente_Fox/Vicente_Fox_0026.jpg,1,16.2402,0.048852,1.08994,9.98996,10.0998,42.0424,79.5112
lfw-deepfunneled/lfw-deepfunneled/Jennifer_Aniston/Jennifer_Aniston_0013.jpg,2,41.5117,0.047339,1.90085,11.5636,28.2182,50.973,134.215
lfw-deepfunneled/lfw-deepfunneled/Jason_Kidd/Jason_Kidd_0010.jpg,1,18.0184,0.05439,1.05396,8.61166,10.0731,8.22423,46.0357
lfw-deepfunneled/lfw-deepfunneled/Jean-Marc_de_La_Sabliere/Jean-Marc_de_La_Sabliere_0001.jpg,1,3.10191,0.052507,1.28185,12.6069,10.0841,72.8736,100.001
lfw-deepfunneled/lfw-deepfunneled/Patricia_Wartusch/Patricia_Wartusch_0001.jpg,1,1.83005,0.057959,1.13439,15.4869,10.034,26.0412,54.5845
lfw-deepfunneled/lfw-deepfunneled/Spike_Jonze/Spike_Jonze_0001.jpg,1,2.51198,0.053977,1.11642,14.1964,8.17534,32.6298,58.6839
lfw-deepfunneled/lfw-deepfunneled/Juan_Pablo_Montoya/Juan_Pablo_Montoya_0005.jpg,0,1.83611,0.042874,3.44557,13.0007,0.022579,29.1358,47.4836
lfw-deepfunneled/lfw-deepfunneled/Marco_Antonio_Barrera/Marco_Antonio_Barrera_0003.jpg,1,1.72608,0.053287,1.18705,16.4053,10.3465,71.9048,101.623
lfw-deepfunneled/lfw-deepfunneled/Jacques_Chirac/Jacques_Chirac_0015.jpg,1,5.6401,0.061939,1.21474,9.88522,9.95117,8.53596,35.2891
lfw-deepfunneled/lfw-deepfunneled/Nicolas_Eyzaguirre/Nicolas_Eyzaguirre_0001.jpg,1,1.69555,0.057027,1.16177,15.1081,10.3678,14.7931,43.1834
lfw-deepfunneled/lfw-deepfunneled/Evan_Rachel_Wood/Evan_Rachel_Wood_0002.jpg,1,5.20704,0.05555,0.87421,15.5264,11.2196,6.14925,39.0321
lfw-deepfunneled/lfw-deepfunneled/Rick_Carlisle/Rick_Carlisle_0002.jpg,1,4.09285,0.068594,0.946747,10.9341,6.73164,12.38,35.154
lfw-deepfunneled/lfw-deepfunneled/Coretta_Scott_King/Coretta_Scott_King_0003.jpg,1,12.4447,0.05558,1.1665,12.4617,10.5488,7.90191,44.5791
lfw-deepfunneled/lfw-deepfunneled/Brad_Banks/Brad_Banks_0001.jpg,2,1.75028,0.052581,1.17753,13.7918,32.1153,57.7864,106.674
lfw-deepfunneled/lfw-deepfunneled/Imre_Kertasz/Imre_Kertasz_0001.jpg,1,3.1645,0.058781,1.24602,12.9717,9.93031,9.35435,36.7256
lfw-deepfunneled/lfw-deepfunneled/Bob_Hope/Bob_Hope_0003.jpg,1,2.12986,0.055499,1.2548,13.1398,6.39414,53.4185,76.3926
lfw-deepfunneled/lfw-deepfunneled/Nestor_Kirchner/Nestor_Kirchner_0003.jpg,1,1.73832,0.057274,1.09161,12.2781,17.0514,22.6391,54.8558
lfw-deepfunneled/lfw-deepfunneled/Clint_Eastwood/Clint_Eastwood_0002.jpg,1,1.63615,0.050252,1.05059,12.1458,6.44907,8.04032,29.3722
lfw-deepfunneled/lfw-deepfunneled/George_W_Bush/George_W_Bush_0065.jpg,1,0.861631,0.05476,3.84758,12.0421,10.0686,78.6203,105.495
lfw-deepfunneled/lfw-deepfunneled/Gregg_Popovich/Gregg_Popovich_0005.jpg,1,2.30162,0.051156,1.16081,6.42896,10.3563,14.6709,34.9698
lfw-deepfunneled/lfw-deepfunneled/Sarah_Hughes/Sarah_Hughes_0002.jpg,1,1.63439,0.057638,1.50375,9.21868,10.0788,42.8555,65.3487
lfw-deepfunneled/lfw-deepfunneled/Hans_Blix/Hans_Blix_0033.jpg,1,0.783279,0.045662,1.17432,11.0784,6.32951,48.9683,68.3794
lfw-deepfunneled/lfw-deepfunneled/Hugo_Chavez/Hugo_Chavez_0059.jpg,1,1.15873,0.058877,1.32299,16.5119,10.0266,10.2672,39.3463
lfw-deepfunneled/lfw-deepfunneled/Greg_Ostertag/Greg_Ostertag_0002.jpg,1,1.61384,0.056213,1.12798,21.5047,10.4177,31.4935,66.214
lfw-deepfunneled/lfw-deepfunneled/Bak_Chang-Ryun/Bak_Chang-Ryun_0001.jpg,2,2.62467,0.056039,0.958464,10.6722,21.0244,13.1436,48.4794
lfw-deepfunneled/lfw-deepfunneled/Barry_Williams/Barry_Williams_0001.jpg,1,18.5658,0.052115,1.1828,12.4861,6.37643,7.52371,46.1869
lfw-deepfunneled/lfw-deepfunneled/Condoleezza_Rice/Condoleezza_Rice_0005.jpg,1,1.37569,0.040283,0.99773,11.4433,6.46942,40.7376,61.064
lfw-deepfunneled/lfw-deepfunneled/Emyr_Jones_Parry/Emyr_Jones_Parry_0001.jpg,1,2.18398,0.046894,1.06341,9.37157,10.6451,11.155,34.466
lfw-deepfunneled/lfw-deepfunneled/Mary_Lou_Markakis/Mary_Lou_Markakis_0001.jpg,1,1.61311,0.051205,3.3106,10.6127,16.4133,6.14985,38.1508
lfw-deepfunneled/lfw-deepfunneled/Meryl_Streep/Meryl_Streep_0010.jpg,1,0.852464,0.05198,1.17194,10.9232,19.2612,47.3245,79.5853
lfw-deepfunneled/lfw-deepfunneled/Catherine_Zeta-Jones/Catherine_Zeta-Jones_0010.jpg,1,1.48711,0.065285,1.26446,13.1056,6.51411,47.2689,69.7055
lfw-deepfunneled/lfw-deepfunneled/Paula_Radcliffe/Paula_Radcliffe_0005.jpg,1,2.5783,0.052275,1.18145,10.5495,9.98666,31.154,55.5021
lfw-deepfunneled/lfw-deepfunneled/William_Donaldson/William_Donaldson_0006.jpg,1,46.2914,0.03725,0.824234,9.76052,6.38292,26.6834,89.9797
lfw-deepfunneled/lfw-deepfunneled/Janica_Kostelic/Janica_Kostelic_0001.jpg,1,2.34811,0.038775,1.03169,14.4681,6.20459,51.1743,75.2656
lfw-deepfunneled/lfw-deepfunneled/Kim_Dong-tae/Kim_Dong-tae_0001.jpg,1,18.9522,0.062051,1.0571,25.2186,6.78036,61.2948,113.365
lfw-deepfunneled/lfw-deepfunneled/Vicente_Fox/Vicente_Fox_0020.jpg,1,3.98374,0.051632,1.0993,12.2148,6.73135,4.7847,28.8655
lfw-deepfunneled/lfw-deepfunneled/Alfredo_Pena/Alfredo_Pena_0001.jpg,1,1.52974,0.048872,1.13122,7.36583,6.67819,75.7481,92.5019
lfw-deepfunneled/lfw-deepfunneled/Mathias_Reichhold/Mathias_Reichhold_0002.jpg,1,1.67876,0.052724,1.24809,13.5326,9.9536,7.46891,33.9347
lfw-deepfunneled/lfw-deepfunneled/Gian_Marco/Gian_Marco_0003.jpg,1,5.10235,0.051784,0.957797,9.56465,10.1023,18.8012,44.5801
lfw-deepfunneled/lfw-deepfunneled/Alessandro_Nesta/Alessandro_Nesta_0001.jpg,1,1.60264,0.055062,1.5694,12.8774,10.1009,60.3619,86.5674
lfw-deepfunneled/lfw-deepfunneled/Rick_Pitino/Rick_Pitino_0001.jpg,1,25.1723,0.054094,1.4271,13.2755,10.1452,7.28816,57.3623
lfw-deepfunneled/lfw-deepfunneled/Colin_Powell/Colin_Powell_0028.jpg,1,0.805348,0.05808,1.19923,17.8314,6.59826,4.04317,30.5355
lfw-deepfunneled/lfw-deepfunneled/Richard_Hamilton/Richard_Hamilton_0001.jpg,1,1.94356,0.052727,1.18404,13.4437,9.84029,20.1737,46.638
lfw-deepfunneled/lfw-deepfunneled/Bob_Cantrell/Bob_Cantrell_0001.jpg,1,1.57457,0.052861,1.0923,17.2967,10.4162,38.0807,68.5134
lfw-deepfunneled/lfw-deepfunneled/Mahmoud_Abbas/Mahmoud_Abbas_0025.jpg,1,1.88717,0.041821,1.25134,6.80158,6.56087,8.37281,24.9156
lfw-deepfunneled/lfw-deepfunneled/George_HW_Bush/George_HW_Bush_0005.jpg,2,1.91906,0.048536,2.28847,8.75718,12.5862,24.1619,49.7613
lfw-deepfunneled/lfw-deepfunneled/Sureyya_Ayhan/Sureyya_Ayhan_0001.jpg,1,45.5687,0.049872,1.14578,17.1382,10.0625,52.1398,126.105
lfw-deepfunneled/lfw-deepfunneled/Kim_Dong-hwa/Kim_Dong-hwa_0001.jpg,1,2.60886,0.056125,1.34128,8.44079,10.1447,12.7324,35.3241
lfw-deepfunneled/lfw-deepfunneled/John_Gruden/John_Gruden_0001.jpg,1,1.71526,0.055619,5.11621,9.28104,10.334,32.6579,59.16
lfw-deepfunneled/lfw-deepfunneled/Al_Sharpton/Al_Sharpton_0003.jpg,1,1.46096,0.046047,1.16389,11.2376,6.37504,4.85903,25.1426
lfw-deepfunneled/lfw-deepfunneled/Manuela_Montebrun/Manuela_Montebrun_0001.jpg,1,2.64828,0.045455,1.11061,5.50463,6.49905,39.8598,55.6678
lfw-deepfunneled/lfw-deepfunneled/Jesse_Helms/Jesse_Helms_0001.jpg,2,2.12914,0.044833,1.03069,18.6639,12.3022,44.1586,78.3293
lfw-deepfunneled/lfw-deepfunneled/Mel_Brooks/Mel_Brooks_0002.jpg,1,38.5102,0.047709,0.768321,9.55906,6.38044,63.1933,118.459
lfw-deepfunneled/lfw-deepfunneled/Jennifer_Lopez/Jennifer_Lopez_0018.jpg,1,45.5986,0.036129,2.68018,14.0733,11.0665,60.8353,134.29
lfw-deepfunneled/lfw-deepfunneled/Cesar_Gaviria/Cesar_Gaviria_0008.jpg,1,45.6598,0.062797,1.14979,16.3521,10.069,47.8647,121.158
lfw-deepfunneled/lfw-deepfunneled/Ann_Veneman/Ann_Veneman_0011.jpg,2,0.826646,0.047221,1.29601,15.3066,20.0619,59.9491,97.4874
lfw-deepfunneled/lfw-deepfunneled/Valdas_Adamkus/Valdas_Adamkus_0001.jpg,1,33.7694,0.052412,1.27592,6.90105,9.917,13.2916,65.2073
lfw-deepfunneled/lfw-deepfunneled/Tyron_Garner/Tyron_Garner_0001.jpg,1,2.81112,0.039825,1.74784,10.8423,6.21165,5.76337,27.4161
lfw-deepfunneled/lfw-deepfunneled/Ashlea_Talbot/Ashlea_Talbot_0001.jpg,2,1.86064,0.047701,1.22244,10.5628,12.7661,4.04594,30.5056
lfw-deepfunneled/lfw-deepfunneled/Kofi_Annan/Kofi_Annan_0032.jpg,1,36.2121,0.047917,1.16739,7.66915,10.0276,10.9423,66.0664
lfw-deepfunneled/lfw-deepfunneled/Dimitri_Perricos/Dimitri_Perricos_0001.jpg,1,1.59314,0.058223,1.21779,8.25333,10.9995,36.2727,58.3947
lfw-deepfunneled/lfw-deepfunneled/George_W_Bush/George_W_Bush_0384.jpg,1,0.842404,0.052318,1.15359,22.7434,10.0575,16.9032,51.7524
lfw-deepfunneled/lfw-deepfunneled/Debbie_Reynolds/Debbie_Reynolds_0003.jpg,1,1.68804,0.051691,1.10128,17.938,10.8095,5.24946,36.838
lfw-deepfunneled/lfw-deepfunneled/Jacques_Chirac/Jacques_Chirac_0046.jpg,1,1.12071,0.053023,1.18572,7.75753,9.88739,12.8511,32.8554
lfw-deepfunneled/lfw-deepfunneled/Serena_Williams/Serena_Williams_0052.jpg,1,1.40373,0.053855,1.06539,6.8725,10.0229,6.7898,26.2082
lfw-deepfunneled/lfw-deepfunneled/Anders_Fogh_Rasmussen/Anders_Fogh_Rasmussen_0002.jpg,1,1.73937,0.052806,1.15119,12.7677,9.90015,25.2719,50.8831
lfw-deepfunneled/lfw-deepfunneled/Jimmy_Iovine/Jimmy_Iovine_0001.jpg,1,1.64684,0.052583,3.91522,8.6283,10.1787,35.0403,59.462
lfw-deepfunneled/lfw-deepfunneled/Monica_Seles/Monica_Seles_0002.jpg,1,2.2313,0.050753,1.21916,13.132,10.1402,16.9405,43.7139
lfw-deepfunneled/lfw-deepfunneled/Shane_Loux/Shane_Loux_0001.jpg,1,45.5785,0.048535,1.21148,5.94223,6.27317,40.5711,99.625
lfw-deepfunneled/lfw-deepfunneled/Angelina_Jolie/Angelina_Jolie_0001.jpg,1,6.48304,0.05614,1.31406,12.5258,10.1092,49.9242,80.4125
lfw-deepfunneled/lfw-deepfunneled/Bob_Hayes/Bob_Hayes_0001.jpg,1,1.70218,0.061346,1.83404,13.3387,9.92788,10.6956,37.5598
lfw-deepfunneled/lfw-deepfunneled/Nicole_Kidman/Nicole_Kidman_0002.jpg,2,11.1,0.053344,1.38962,12.7214,12.9835,28.3748,66.6227
lfw-deepfunneled/lfw-deepfunneled/Park_Jie-won/Park_Jie-won_0001.jpg,1,1.60142,0.054111,0.913853,15.4745,10.8352,52.9932,81.8723
lfw-deepfunneled/lfw-deepfunneled/Clive_Lloyd/Clive_Lloyd_0001.jpg,0,1.73628,0.051504,1.11742,9.50112,0.02494,4.89651,17.3278
lfw-deepfunneled/lfw-deepfunneled/Adriana_Lima/Adriana_Lima_0001.jpg,1,1.61815,0.052271,1.12832,16.3534,10.3055,47.8863,77.344
lfw-deepfunneled/lfw-deepfunneled/Shania_Twain/Shania_Twain_0001.jpg,1,32.8666,0.049457,1.39112,8.38415,10.1634,9.13953,61.9943
lfw-deepfunneled/lfw-deepfunneled/Omar_Sharif/Omar_Sharif_0001.jpg,1,1.81767,0.051512,1.31227,12.2786,10.0317,11.8819,37.3737
lfw-deepfunneled/lfw-deepfunneled/Munir_Akram/Munir_Akram_0002.jpg,1,4.83264,0.084884,1.3931,13.9128,9.89895,9.49744,39.6198
lfw-deepfunneled/lfw-deepfunneled/George_W_Bush/George_W_Bush_0228.jpg,1,0.92547,0.056876,1.12,13.9216,11.4539,39.6417,67.1196
lfw-deepfunneled/lfw-deepfunneled/Victoria_Beckham/Victoria_Beckham_0003.jpg,1,41.6731,0.048402,1.21536,9.57413,9.89265,28.961,91.3647
lfw-deepfunneled/lfw-deepfunneled/George_W_Bush/George_W_Bush_0003.jpg,1,1.02926,0.05477,1.28914,8.07404,10.0471,54.2516,74.746
lfw-deepfunneled/lfw-deepfunneled/Katrin_Cartlidge/Katrin_Cartlidge_0001.jpg,1,20.5057,0.088094,1.29389,13.9624,10.1214,41.6472,87.6187
lfw-deepfunneled/lfw-deepfunneled/John_Ashcroft/John_Ashcroft_0011.jpg,1,1.79061,0.058174,1.14495,12.9209,10.3656,5.36586,31.6461
lfw-deepfunneled/lfw-deepfunneled/George_W_Bush/George_W_Bush_0136.jpg,1,0.863043,0.052983,1.11235,13.6694,9.89977,8.14066,33.7382
lfw-deepfunneled/lfw-deepfunneled/Julie_Gerberding/Julie_Gerberding_0012.jpg,1,0.88845,0.055112,1.41362,11.9304,10.0496,46.137,70.4742
lfw-deepfunneled/lfw-deepfunneled/Kristen_Breitweiser/Kristen_Breitweiser_0003.jpg,1,3.07593,0.052225,1.33784,12.8434,10.0026,26.4849,53.7969
lfw-deepfunneled/lfw-deepfunneled/Donald_Rumsfeld/Donald_Rumsfeld_0085.jpg,1,3.98611,0.056419,1.03857,11.427,9.97703,57.0568,83.542
lfw-deepfunneled/lfw-deepfunneled/Jung_Bong/Jung_Bong_0001.jpg,1,25.3044,0.048829,1.18681,6.03821,6.78815,47.5786,86.9451
lfw-deepfunneled/lfw-deepfunneled/Vanessa_Incontrada/Vanessa_Incontrada_0004.jpg,1,1.627,0.063213,2.78921,15.0009,10.0973,12.317,41.8946
lfw-deepfunneled/lfw-deepfunneled/Pervez_Musharraf/Pervez_Musharraf_0003.jpg,1,39.337,0.038717,1.17175,10.7817,6.55275,22.917,80.799
lfw-deepfunneled/lfw-deepfunneled/Laura_Bush/Laura_Bush_0006.jpg,1,0.785487,0.050439,1.39057,14.008,6.38379,48.0181,70.6364
lfw-deepfunneled/lfw-deepfunneled/Sergey_Lavrov/Sergey_Lavrov_0007.jpg,1,1.64279,0.054138,1.28856,17.5368,9.95638,15.7997,46.2784
lfw-deepfunneled/lfw-deepfunneled/Serena_Williams/Serena_Williams_0023.jpg,1,18.9742,0.060216,1.17111,9.51228,7.69952,54.3732,91.7905
lfw-deepfunneled/lfw-deepfunneled/Igor_Ivanov/Igor_Ivanov_0002.jpg,1,3.25786,0.049087,3.47214,19.0261,6.38401,55.5743,87.7635
lfw-deepfunneled/lfw-deepfunneled/Jonathan_Edwards/Jonathan_Edwards_0006.jpg,1,8,0.054267,1.18418,10.0744,10.1067,53.2188,82.6384
lfw-deepfunneled/lfw-deepfunneled/Courtney_Love/Courtney_Love_0001.jpg,2,1.53976,0.060911,1.22701,13.9712,19.801,65.8896,102.49
lfw-deepfunneled/lfw-deepfunneled/Ai_Sugiyama/Ai_Sugiyama_0005.jpg,1,3.06319,0.057199,0.910362,12.3626,10.1155,34.5906,61.0995
lfw-deepfunneled/lfw-deepfunneled/Noah_Wyle/Noah_Wyle_0003.jpg,1,1.81776,0.052404,1.15465,17.754,10.1188,43.9645,74.8621
lfw-deepfunneled/lfw-deepfunneled/Gary_Winnick/Gary_Winnick_0001.jpg,1,1.67674,0.050999,1.13545,16.2223,9.95772,9.82928,38.8725
lfw-deepfunneled/lfw-deepfunneled/Vladimir_Putin/Vladimir_Putin_0021.jpg,1,0.872209,0.051132,1.13455,10.9423,10.1573,8.73439,31.8919
lfw-deepfunneled/lfw-deepfunneled/Danny_Green/Danny_Green_0001.jpg,1,1.68839,0.052394,1.00166,9.1942,6.51333,36.1635,54.6134
lfw-deepfunneled/lfw-deepfunneled/George_W_Bush/George_W_Bush_0325.jpg,2,0.847245,0.049659,1.1098,17.0464,21.4822,48.6872,89.2225
lfw-deepfunneled/lfw-deepfunneled/Mahmoud_Abbas/Mahmoud_Abbas_0002.jpg,1,0.817099,0.052008,1.33583,11.3348,6.4734,29.0197,49.0328
lfw-deepfunneled/lfw-deepfunneled/Jason_Keep/Jason_Keep_0001.jpg,2,1.50735,0.0544,1.31604,13.5749,12.3823,49.2357,78.0707
lfw-deepfunneled/lfw-deepfunneled/Alvaro_Uribe/Alvaro_Uribe_0026.jpg,1,1.21965,0.051505,1.19717,12.6177,9.92496,7.03617,32.0472
lfw-deepfunneled/lfw-deepfunneled/Conrad_Black/Conrad_Black_0001.jpg,1,26.3185,0.054316,2.20899,7.30191,10.1858,53.5781,99.6476
lfw-deepfunneled/lfw-deepfunneled/Nicolas_Macrozonaris/Nicolas_Macrozonaris_0001.jpg,1,2.18134,0.0554,1.04204,25.0837,10.0968,8.9461,47.4054
lfw-deepfunneled/lfw-deepfunneled/Joan_Laporta/Joan_Laporta_0007.jpg,1,0.838942,0.056175,1.1489,14.6415,10.1236,19.1786,45.9878
lfw-deepfunneled/lfw-deepfunneled/Tom_Ridge/Tom_Ridge_0004.jpg,1,0.867785,0.056551,1.36892,11.5844,9.99687,11.2505,35.125
lfw-deepfunneled/lfw-deepfunneled/Hana_Urushima/Hana_Urushima_0001.jpg,1,1.66062,0.057682,1.28669,14.7119,12.8165,34.6247,65.1581
lfw-deepfunneled/lfw-deepfunneled/Lynne_Slepian/Lynne_Slepian_0001.jpg,1,1.68351,0.051127,1.12034,17.1365,10.96,6.36759,37.3191
lfw-deepfunneled/lfw-deepfunneled/Anne_Krueger/Anne_Krueger_0002.jpg,1,1.68191,0.053225,0.996219,12.8579,10.0855,7.70196,33.3767
lfw-deepfunneled/lfw-deepfunneled/Megawati_Sukarnoputri/Megawati_Sukarnoputri_0027.jpg,3,0.826911,0.053796,1.1851,12.8525,30.6713,14.3879,59.9775
lfw-deepfunneled/lfw-deepfunneled/Boris_Becker/Boris_Becker_0003.jpg,1,1.55833,0.067952,1.41772,12.1186,12.2256,49.6192,77.0074
lfw-deepfunneled/lfw-deepfunneled/Mark_Lazarus/Mark_Lazarus_0001.jpg,1,1.57007,0.173348,1.38831,8.89733,6.74959,9.05909,27.8377
lfw-deepfunneled/lfw-deepfunneled/Damarius_Bilbo/Damarius_Bilbo_0001.jpg,1,1.77197,0.039437,1.10879,13.3417,6.38935,4.33393,26.9851
lfw-deepfunneled/lfw-deepfunneled/George_W_Bush/George_W_Bush_0422.jpg,1,0.719507,0.036613,1.54194,10.0383,6.16623,8.8222,27.3248
lfw-deepfunneled/lfw-deepfunneled/George_W_Bush/George_W_Bush_0473.jpg,1,0.784342,0.056379,1.42812,18.0577,7.02401,4.2157,31.5662
lfw-deepfunneled/lfw-deepfunneled/Paul_Farley/Paul_Farley_0001.jpg,1,21.7141,0.051048,0.991505,16.3147,10.657,43.5717,93.3
lfw-deepfunneled/lfw-deepfunneled/Audrey_Sauret/Audrey_Sauret_0001.jpg,1,1.67534,0.051497,1.15801,10.5033,17.0505,8.81317,39.2518
lfw-deepfunneled/lfw-deepfunneled/Joe_Glover/Joe_Glover_0001.jpg,1,1.62249,0.050911,1.44373,15.1959,19.5236,29.3525,67.1892
lfw-deepfunneled/lfw-deepfunneled/Dennis_Kucinich/Dennis_Kucinich_0007.jpg,1,2.51322,0.045583,1.13409,13.6469,14.7751,61.4461,93.561
lfw-deepfunneled/lfw-deepfunneled/Sally_Field/Sally_Field_0003.jpg,1,3.50466,0.041675,4.47275,11.7113,10.0273,13.409,43.1667
lfw-deepfunneled/lfw-deepfunneled/Vincent_Sombrotto/Vincent_Sombrotto_0001.jpg,1,1.98291,0.051872,1.16786,12.564,9.96481,22.5861,48.3175
lfw-deepfunneled/lfw-deepfunneled/Donald_Rumsfeld/Donald_Rumsfeld_0046.jpg,1,0.840918,0.053872,1.18628,12.0448,10.7511,8.99208,33.869
lfw-deepfunneled/lfw-deepfunneled/Steve_Spurrier/Steve_Spurrier_0002.jpg,2,3.27405,0.054144,1.11698,12.24,20.0178,41.9025,78.6055
lfw-deepfunneled/lfw-deepfunneled/Andre_Agassi/Andre_Agassi_0015.jpg,1,1.36466,0.052182,1.08806,8.63726,9.95593,12.0227,33.1208
lfw-deepfunneled/lfw-deepfunneled/John_Allen_Muhammad/John_Allen_Muhammad_0004.jpg,1,1.63468,0.054063,1.10665,11.3563,9.97673,7.60085,31.7293
lfw-deepfunneled/lfw-deepfunneled/Norah_Jones/Norah_Jones_0006.jpg,1,0.839925,0.05211,1.30698,14.0124,10.0883,17.3004,43.6
lfw-deepfunneled/lfw-deepfunneled/Larry_Thompson/Larry_Thompson_0004.jpg,1,1.61631,0.051768,1.13392,9.71844,10.0596,39.9079,62.4879
lfw-deepfunneled/lfw-deepfunneled/George_W_Bush/George_W_Bush_0487.jpg,1,13.9816,0.047508,1.25135,10.6524,9.98437,10.2388,46.156
lfw-deepfunneled/lfw-deepfunneled/Max_Biaggi/Max_Biaggi_0001.jpg,2,15.3521,0.050815,1.24819,9.57339,19.9478,63.9565,110.129
lfw-deepfunneled/lfw-deepfunneled/George_W_Bush/George_W_Bush_0358.jpg,1,0.866409,0.050142,1.07312,10.7679,10.2535,54.3192,77.3303
lfw-deepfunneled/lfw-deepfunneled/Ricardo_Lagos/Ricardo_Lagos_0019.jpg,1,1.70536,0.052343,1.29547,11.2512,6.19454,30.9979,51.4968
lfw-deepfunneled/lfw-deepfunneled/Celine_Dion/Celine_Dion_0001.jpg,1,1.69619,0.05113,1.13514,15.963,6.49069,55.939,81.2751
lfw-deepfunneled/lfw-deepfunneled/Gerhard_Schroeder/Gerhard_Schroeder_0064.jpg,1,1.28742,0.055669,1.1032,10.823,10.3907,29.0681,52.7281
lfw-deepfunneled/lfw-deepfunneled/Silvio_Berlusconi/Silvio_Berlusconi_0026.jpg,1,1.2428,0.076871,2.72941,13.9211,10.1855,21.1536,49.3092
lfw-deepfunneled/lfw-deepfunneled/Jean_Chretien/Jean_Chretien_0015.jpg,1,1.64809,0.049797,1.29364,11.4478,10.1886,33.7211,58.3491
lfw-deepfunneled/lfw-deepfunneled/Guillermo_Coria/Guillermo_Coria_0004.jpg,1,1.80352,0.052046,0.839006,13.241,10.0304,19.5787,45.5447
lfw-deepfunneled/lfw-deepfunneled/Atom_Egoyan/Atom_Egoyan_0001.jpg,1,3.28056,0.052229,1.14849,10.8985,10.0719,7.57657,33.0282
lfw-deepfunneled/lfw-deepfunneled/Hamid_Karzai/Hamid_Karzai_0007.jpg,1,2.1819,0.052378,1.08923,8.52014,10.1109,63.1644,85.119
lfw-deepfunneled/lfw-deepfunneled/Allan_Kemakeza/Allan_Kemakeza_0001.jpg,1,1.36807,0.04257,1.17998,13.1633,7.13998,85.3575,108.251
lfw-deepfunneled/lfw-deepfunneled/Piotr_Anderszewski/Piotr_Anderszewski_0001.jpg,1,1.68179,0.050496,1.40618,7.94793,9.93131,35.2696,56.2873
lfw-deepfunneled/lfw-deepfunneled/Janice_Goldfinger/Janice_Goldfinger_0001.jpg,1,1.63038,0.052444,3.50261,7.34017,10.3676,71.9599,94.8531
lfw-deepfunneled/lfw-deepfunneled/Jay_Leno/Jay_Leno_0001.jpg,1,1.45787,0.040358,1.37554,8.66132,6.38305,28.2728,46.1909
lfw-deepfunneled/lfw-deepfunneled/Recep_Tayyip_Erdogan/Recep_Tayyip_Erdogan_0010.jpg,1,12.2033,0.048134,1.26323,13.8582,9.96527,5.88216,43.2203
lfw-deepfunneled/lfw-deepfunneled/Colin_Powell/Colin_Powell_0024.jpg,1,0.858545,0.054611,1.195,13.0918,9.93366,13.4002,38.5338
lfw-deepfunneled/lfw-deepfunneled/George_W_Bush/George_W_Bush_0048.jpg,1,1.2663,0.053708,1.10547,11.2553,9.92027,18.1192,41.7203
lfw-deepfunneled/lfw-deepfunneled/Ted_Washington/Ted_Washington_0001.jpg,1,31.229,0.048625,1.37462,8.75546,10.1975,30.3244,81.9296
lfw-deepfunneled/lfw-deepfunneled/Carlos_Barra/Carlos_Barra_0001.jpg,1,1.65327,0.051664,1.16306,12.685,9.96465,5.67034,31.188
lfw-deepfunneled/lfw-deepfunneled/Joschka_Fischer/Joschka_Fischer_0001.jpg,1,2.57639,0.053023,1.39647,10.6337,9.98622,5.61334,30.2591
lfw-deepfunneled/lfw-deepfunneled/Andy_Garcia/Andy_Garcia_0001.jpg,1,2.07252,0.053363,1.19765,16.9985,9.86153,6.31166,36.4953
lfw-deepfunneled/lfw-deepfunneled/Carolina_Kluft/Carolina_Kluft_0003.jpg,1,1.64981,0.056772,0.983567,10.2841,10.6518,49.9194,73.5455
lfw-deepfunneled/lfw-deepfunneled/Peter_Gabriel/Peter_Gabriel_0001.jpg,1,1.66489,0.052416,1.34298,10.1543,6.53694,29.5336,49.2851
lfw-deepfunneled/lfw-deepfunneled/Yossi_Beilin/Yossi_Beilin_0001.jpg,1,3.82974,0.053474,0.907599,14.3284,7.41466,10.22,36.7538
lfw-deepfunneled/lfw-deepfunneled/Peter_Harrison/Peter_Harrison_0001.jpg,1,1.59917,0.05326,1.19077,14.6964,10.1499,16.643,44.3325
lfw-deepfunneled/lfw-deepfunneled/Donald_Fehr/Donald_Fehr_0004.jpg,1,17.6575,0.037789,1.17721,8.88382,6.59067,38.7081,73.0551
lfw-deepfunneled/lfw-deepfunneled/Steven_Van_Zandt/Steven_Van_Zandt_0001.jpg,1,41.4819,0.047751,5.80179,14.2406,9.9856,38.684,110.242
lfw-deepfunneled/lfw-deepfunneled/Saddam_Hussein/Saddam_Hussein_0005.jpg,1,1.64863,0.05671,1.16677,13.1245,10.088,15.5081,41.5928
lfw-deepfunneled/lfw-deepfunneled/Bob_Goldman/Bob_Goldman_0001.jpg,1,3.02205,0.053878,1.30801,17.0648,6.4253,6.10029,33.9743
lfw-deepfunneled/lfw-deepfunneled/Mauricio_Pochetino/Mauricio_Pochetino_0001.jpg,2,3.81293,0.044247,3.16142,11.6067,28.1778,49.4305,96.2336
lfw-deepfunneled/lfw-deepfunneled/Lucy_Liu/Lucy_Liu_0004.jpg,1,42.8381,0.062384,1.16501,9.09338,13.2876,26.3955,92.842
lfw-deepfunneled/lfw-deepfunneled/Simon_Larose/Simon_Larose_0001.jpg,1,45.8339,0.038892,5.90599,11.8016,10.0974,46.5688,120.247
lfw-deepfunneled/lfw-deepfunneled/Catherine_Zeta-Jones/Catherine_Zeta-Jones_0001.jpg,1,0.832343,0.049709,1.01928,16.7952,10.1322,13.4761,42.3049
lfw-deepfunneled/lfw-deepfunneled/Nestor_Kirchner/Nestor_Kirchner_0014.jpg,1,0.8701,0.041106,1.241,12.8572,9.98847,37.1435,62.1414
lfw-deepfunneled/lfw-deepfunneled/Renee_Zellweger/Renee_Zellweger_0011.jpg,1,2.18028,0.040529,1.33665,17.0458,6.49341,9.30785,36.4046
lfw-deepfunneled/lfw-deepfunneled/Aicha_El_Ouafi/Aicha_El_Ouafi_0001.jpg,1,1.44577,0.038366,1.16283,9.82134,6.66986,44.0774,63.2156
lfw-deepfunneled/lfw-deepfunneled/Simona_Hradil/Simona_Hradil_0001.jpg,2,46.3205,0.039665,1.48302,14.0024,12.5175,42.0245,116.387
lfw-deepfunneled/lfw-deepfunneled/Jacques_Chirac/Jacques_Chirac_0020.jpg,1,9.07778,0.046264,1.11495,8.00386,10.0739,11.514,39.8308
lfw-deepfunneled/lfw-deepfunneled/Hamid_Karzai/Hamid_Karzai_0006.jpg,1,0.885329,0.051266,1.23168,10.9168,10.081,14.1689,37.3349
lfw-deepfunneled/lfw-deepfunneled/Prince_Naruhito/Prince_Naruhito_0003.jpg,1,5.86611,0.050923,1.31423,12.4715,6.39368,30.3177,56.4141
lfw-deepfunneled/lfw-deepfunneled/Zoran_Djindjic/Zoran_Djindjic_0004.jpg,1,2.09456,0.056713,1.11717,10.7795,10.602,45.4562,70.1062
lfw-deepfunneled/lfw-deepfunneled/George_W_Bush/George_W_Bush_0219.jpg,1,1.05076,0.042993,1.27072,9.84186,10.3901,20.2008,42.7972
lfw-deepfunneled/lfw-deepfunneled/Tippi_Hedren/Tippi_Hedren_0002.jpg,1,1.66435,0.05326,1.3494,8.39864,9.97135,25.3103,46.7473
lfw-deepfunneled/lfw-deepfunneled/Jean_Charest/Jean_Charest_0011.jpg,1,0.865781,0.057743,1.16269,14.1751,12.0542,59.5922,87.9077
lfw-deepfunneled/lfw-deepfunneled/Erwin_Abdullah/Erwin_Abdullah_0001.jpg,1,1.75738,0.051252,1.15539,12.5079,9.85198,33.9964,59.3203
lfw-deepfunneled/lfw-deepfunneled/Job_Cohen/Job_Cohen_0002.jpg,2,1.71435,0.051423,1.33644,19.5115,19.8052,53.8592,96.2781
lfw-deepfunneled/lfw-deepfunneled/Paul_LeClerc/Paul_LeClerc_0001.jpg,1,45.0499,0.049721,1.33255,15.1784,10.1047,17.899,89.6143
lfw-deepfunneled/lfw-deepfunneled/James_Kelly/James_Kelly_0002.jpg,1,2.1804,0.059128,1.44657,7.85663,10.3292,11.8422,33.7141
lfw-deepfunneled/lfw-deepfunneled/John_Negroponte/John_Negroponte_0013.jpg,1,2.19083,0.056297,1.2291,11.1063,10.0434,6.27492,30.9009
lfw-deepfunneled/lfw-deepfunneled/Colin_Powell/Colin_Powell_0130.jpg,1,1.0453,0.055663,1.24819,10.4265,10.3378,22.0731,45.1865
lfw-deepfunneled/lfw-deepfunneled/Michael_Fitzgerald/Michael_Fitzgerald_0001.jpg,1,2.87526,0.05361,1.35866,9.3573,10.5856,28.8791,53.1095
lfw-deepfunneled/lfw-deepfunneled/Jim_Otto/Jim_Otto_0001.jpg,1,13.7797,0.046999,1.00745,10.3975,7.24441,7.79914,40.2753
lfw-deepfunneled/lfw-deepfunneled/Adrien_Brody/Adrien_Brody_0008.jpg,1,2.1652,0.043561,1.11843,13.5317,6.95986,17.442,41.2608
lfw-deepfunneled/lfw-deepfunneled/Jon_Constance/Jon_Constance_0001.jpg,1,10.8396,0.038834,3.12524,6.46537,10.6778,22.7362,53.8831
lfw-deepfunneled/lfw-deepfunneled/Gary_Bauer/Gary_Bauer_0001.jpg,1,1.75125,0.037915,1.06743,14.4497,7.50644,16.1057,40.9185
lfw-deepfunneled/lfw-deepfunneled/Sharon_Osbourne/Sharon_Osbourne_0001.jpg,2,1.81701,0.055339,1.18199,13.3583,23.737,63.3586,103.508
lfw-deepfunneled/lfw-deepfunneled/Robert_Bullock/Robert_Bullock_0002.jpg,1,1.64558,0.054279,1.23542,12.9584,15.1562,13.0518,44.1018
lfw-deepfunneled/lfw-deepfunneled/Annette_Lu/Annette_Lu_0002.jpg,1,6.03658,0.066437,0.973463,17.003,10.0001,25.7789,59.8584
lfw-deepfunneled/lfw-deepfunneled/Richard_Langille/Richard_Langille_0001.jpg,1,1.68182,0.051416,1.3551,13.9148,10.0688,52.4716,79.5436
lfw-deepfunneled/lfw-deepfunneled/George_W_Bush/George_W_Bush_0122.jpg,2,0.899975,0.051623,1.11242,10.3021,19.9958,7.77308,40.135
lfw-deepfunneled/lfw-deepfunneled/Juan_Sanchez/Juan_Sanchez_0001.jpg,1,1.68422,0.051961,1.16172,11.3999,10.1006,49.9752,74.3736
lfw-deepfunneled/lfw-deepfunneled/Paula_Zahn/Paula_Zahn_0002.jpg,1,2.31941,0.050003,0.968492,11.6411,6.40538,56.8093,78.1937
lfw-deepfunneled/lfw-deepfunneled/Anthony_Carter/Anthony_Carter_0001.jpg,1,1.84649,0.043471,1.31612,13.8461,6.25797,10.841,34.1511
lfw-deepfunneled/lfw-deepfunneled/Amy_Smart/Amy_Smart_0001.jpg,2,41.3011,0.036298,1.10587,7.14476,20.0352,45.7003,115.323
lfw-deepfunneled/lfw-deepfunneled/Gerhard_Schroeder/Gerhard_Schroeder_0034.jpg,1,0.900042,0.058966,0.891303,13.0268,10.5028,14.0572,39.4371
lfw-deepfunneled/lfw-deepfunneled/Mohammed_Baqir_al-Hakim/Mohammed_Baqir_al-Hakim_0001.jpg,1,3.27992,0.05564,1.35132,9.54056,6.5793,4.58193,25.3887
lfw-deepfunneled/lfw-deepfunneled/Britney_Spears/Britney_Spears_0011.jpg,1,5.89502,0.052777,1.31443,8.09622,6.78264,5.27859,27.4197
lfw-deepfunneled/lfw-deepfunneled/Sarah_Canale/Sarah_Canale_0001.jpg,2,3.08332,0.047232,1.30003,11.9785,12.6627,7.9435,37.0153
lfw-deepfunneled/lfw-deepfunneled/Anthony_Lee_Johnson/Anthony_Lee_Johnson_0001.jpg,1,2.35215,0.046935,1.23829,14.3281,6.8195,5.2268,30.0118
lfw-deepfunneled/lfw-deepfunneled/Emanuel_Ginobili/Emanuel_Ginobili_0004.jpg,1,32.639,0.052777,1.30788,11.0623,10.6299,6.94289,62.6347
lfw-deepfunneled/lfw-deepfunneled/George_W_Bush/George_W_Bush_0460.jpg,1,1.13386,0.059001,1.7301,11.0825,10.5047,28.2044,52.7146
lfw-deepfunneled/lfw-deepfunneled/George_W_Bush/George_W_Bush_0402.jpg,1,1.01287,0.052292,1.36983,12.7739,6.30564,7.97824,29.4928
lfw-deepfunneled/lfw-deepfunneled/Hassan_Nasrallah/Hassan_Nasrallah_0001.jpg,1,8.09575,0.049069,2.02422,9.95677,6.85464,21.7497,48.7302
lfw-deepfunneled/lfw-deepfunneled/David_Kelley/David_Kelley_0001.jpg,1,3.48118,0.063561,1.53998,10.4747,6.4277,30.6775,52.6646
lfw-deepfunneled/lfw-deepfunneled/Klaus_Schwab/Klaus_Schwab_0001.jpg,2,2.82153,0.042397,1.08789,11.4493,12.4009,24.1226,51.9246
lfw-deepfunneled/lfw-deepfunneled/Irwan_Fadzi_Idris/Irwan_Fadzi_Idris_0001.jpg,1,3.42662,0.05184,1.02293,5.97442,6.61776,8.46248,25.556
lfw-deepfunneled/lfw-deepfunneled/Emily_Robison/Emily_Robison_0001.jpg,1,2.42907,0.05699,1.50402,10.8068,10.4124,8.74076,33.9501
lfw-deepfunneled/lfw-deepfunneled/Andre_Agassi/Andre_Agassi_0003.jpg,1,7.12184,0.038722,2.58782,7.61996,10.4874,36.3064,64.1621
lfw-deepfunneled/lfw-deepfunneled/Natalie_Maines/Natalie_Maines_0005.jpg,1,3.11339,0.049074,1.76953,8.44927,6.60622,8.5913,28.5788
lfw-deepfunneled/lfw-deepfunneled/Hans_Blix/Hans_Blix_0021.jpg,1,0.992572,0.050571,0.939549,8.56279,7.0089,4.94567,22.5001
lfw-deepfunneled/lfw-deepfunneled/Rudolph_Giuliani/Rudolph_Giuliani_0017.jpg,1,2.08613,0.05825,1.33605,10.7334,6.58743,14.114,34.9153
lfw-deepfunneled/lfw-deepfunneled/Lindsay_Davenport/Lindsay_Davenport_0018.jpg,1,2.14744,0.041347,4.96721,9.61216,14.1745,9.2209,40.1635
lfw-deepfunneled/lfw-deepfunneled/Kim_Cattrall/Kim_Cattrall_0001.jpg,1,1.89697,0.050103,1.22037,12.9437,9.88054,6.95794,32.9497
lfw-deepfunneled/lfw-deepfunneled/Igor_Trunov/Igor_Trunov_0001.jpg,1,1.84073,0.051096,1.20647,11.6535,6.34104,51.0097,72.1025
lfw-deepfunneled/lfw-deepfunneled/Jeri_Ryan/Jeri_Ryan_0001.jpg,1,1.57325,0.053292,1.25426,13.4227,6.52682,45.1409,67.9713
lfw-deepfunneled/lfw-deepfunneled/Martha_Lucia_Ramirez/Martha_Lucia_Ramirez_0002.jpg,1,0.909813,0.050634,1.316,11.7431,22.0774,52.1773,88.2742
lfw-deepfunneled/lfw-deepfunneled/Cristina_Fernandez/Cristina_Fernandez_0002.jpg,1,2.63997,0.055929,0.863659,8.37791,10.5424,19.5434,42.0232
lfw-deepfunneled/lfw-deepfunneled/Laura_Bozzo/Laura_Bozzo_0001.jpg,2,2.34132,0.048137,1.2163,6.89944,12.9157,18.4765,41.8975
lfw-deepfunneled/lfw-deepfunneled/Kelly_Leigh/Kelly_Leigh_0001.jpg,1,1.63489,0.05397,1.10448,15.2916,10.0631,48.6235,76.7716
