image,face_idx,le_x,le_y,re_x,re_y,nose_x,nose_y,mouth_l_x,mouth_l_y,mouth_r_x,mouth_r_y
lfw-deepfunneled/lfw-deepfunneled/Laura_Bush/Laura_Bush_0004.jpg,0,106,112.667,141.667,113.167,109,126,105,151,141,152
lfw-deepfunneled/lfw-deepfunneled/Ariel_Sharon/Ariel_Sharon_0057.jpg,0,109,111,146.5,113.167,119,138,110,155,143,158
lfw-deepfunneled/lfw-deepfunneled/Robert_Blake/Robert_Blake_0007.jpg,0,114.5,50.6667,136.5,51.5,126,63,115,78,135,78
lfw-deepfunneled/lfw-deepfunneled/Robert_Blake/Robert_Blake_0007.jpg,1,102.333,109.667,144.833,108.833,130,139,105,157,143,156
lfw-deepfunneled/lfw-deepfunneled/Thanongsak_Tuvinan/Thanongsak_Tuvinan_0001.jpg,0,108.833,113.833,147.167,112,124,135,110,160,145,158
lfw-deepfunneled/lfw-deepfunneled/Osama_Al_Baz/Osama_Al_Baz_0001.jpg,0,102.167,113.833,149.333,112.833,129,138,101,155,151,153
lfw-deepfunneled/lfw-deepfunneled/Fernando_Hierro/Fernando_Hierro_0001.jpg,0,105.833,115.833,146.167,114.167,127,127,106,159,148,157
lfw-deepfunneled/lfw-deepfunneled/Wes_Craven/Wes_Craven_0001.jpg,0,103.167,113.667,143.833,112.833,128,139,103,156,145,154
lfw-deepfunneled/lfw-deepfunneled/Jennifer_McCoy/Jennifer_McCoy_0001.jpg,0,30.6667,71.6667,69.6667,80.8333,53,90,23,110,60,118
lfw-deepfunneled/lfw-deepfunneled/Jennifer_McCoy/Jennifer_McCoy_0001.jpg,1,106.667,110,145,111,117,135,111,158,143,159
lfw-deepfunneled/lfw-deepfunneled/Art_Howe/Art_Howe_0001.jpg,0,103,114.5,146.333,113.333,127,134,102,160,149,159
lfw-deepfunneled/lfw-deepfunneled/Jose_Canseco/Jose_Canseco_0001.jpg,0,102.333,112.5,140.5,109.667,129,139,106,158,139,155
lfw-deepfunneled/lfw-deepfunneled/Anibal_Ibarra/Anibal_Ibarra_0003.jpg,0,99.5,115.667,143.333,114.667,126,132,105,159,147,160
lfw-deepfunneled/lfw-deepfunneled/Anibal_Ibarra/Anibal_Ibarra_0003.jpg,1,129.833,167.833,168.833,182.667,155,197,121,210,150,224
lfw-deepfunneled/lfw-deepfunneled/Serena_Williams/Serena_Williams_0007.jpg,0,101.833,113.667,149.333,111.833,129,141,101,156,153,154
lfw-deepfunneled/lfw-deepfunneled/Arlen_Specter/Arlen_Specter_0003.jpg,0,94.5,123.167,142.167,113,135,148,110,184,147,178
lfw-deepfunneled/lfw-deepfunneled/Edward_Arsenault/Edward_Arsenault_0001.jpg,0,169.167,33.8333,199.833,35,187,50,171,67,194,70
lfw-deepfunneled/lfw-deepfunneled/Edward_Arsenault/Edward_Arsenault_0001.jpg,1,101.667,115,139.667,110,137,136,110,159,140,156
lfw-deepfunneled/lfw-deepfunneled/Tim_Allen/Tim_Allen_0001.jpg,0,104.833,113,144.333,112.5,120,143,105,155,150,154
lfw-deepfunneled/lfw-deepfunneled/Atal_Bihari_Vajpayee/Atal_Bihari_Vajpayee_0005.jpg,0,101.167,115.167,148.5,112.667,120,136,105,158,147,157
lfw-deepfunneled/lfw-deepfunneled/Jan_Ullrich/Jan_Ullrich_0004.jpg,0,102.5,109.167,143.667,110.667,123,135,106,162,140,162
lfw-deepfunneled/lfw-deepfunneled/Cathy_Cunningham/Cathy_Cunningham_0001.jpg,0,106.5,118.167,148,115.333,121,129,111,162,144,160
lfw-deepfunneled/lfw-deepfunneled/Alfonso_Portillo/Alfonso_Portillo_0001.jpg,0,98.1667,111.667,146.5,108.167,125,142,105,154,146,151
lfw-deepfunneled/lfw-deepfunneled/Al_Cardenas/Al_Cardenas_0001.jpg,0,98.6667,112.5,141.833,111.333,132,136,104,160,143,158
lfw-deepfunneled/lfw-deepfunneled/Carl_Reiner/Carl_Reiner_0002.jpg,0,105.833,113,142.333,113.167,136,133,105,162,144,163
lfw-deepfunneled/lfw-deepfunneled/Tiger_Woods/Tiger_Woods_0003.jpg,0,103.167,114.833,145.833,113.833,127,137,98,156,152,154
lfw-deepfunneled/lfw-deepfunneled/Qais_al-Kazali/Qais_al-Kazali_0001.jpg,0,104.167,115.833,145.333,114.333,125,131,109,160,144,158
lfw-deepfunneled/lfw-deepfunneled/Nikki_Reed/Nikki_Reed_0002.jpg,0,100,116.333,145,113.5,130,140,102,158,147,154
lfw-deepfunneled/lfw-deepfunneled/James_Blake/James_Blake_0005.jpg,0,103.5,113.667,138.833,112.667,130,134,110,159,138,158
lfw-deepfunneled/lfw-deepfunneled/Carol_Burnett/Carol_Burnett_0002.jpg,0,104.167,113.333,144.667,113.833,130,131,102,161,146,160
lfw-deepfunneled/lfw-deepfunneled/Bill_Gates/Bill_Gates_0011.jpg,0,101,114.5,147.5,111.833,128,139,102,155,151,154
lfw-deepfunneled/lfw-deepfunneled/Griffin_Colvin/Griffin_Colvin_0001.jpg,0,108.833,114.833,144.667,114.333,118,135,114,155,148,157
lfw-deepfunneled/lfw-deepfunneled/Leslie_Caldwell/Leslie_Caldwell_0001.jpg,0,103.167,111.833,141.667,111.167,136,126,112,159,143,159
lfw-deepfunneled/lfw-deepfunneled/Sam_Torrance/Sam_Torrance_0002.jpg,0,104.5,113.167,142.5,112.167,126,139,102,157,149,155
lfw-deepfunneled/lfw-deepfunneled/David_Beckham/David_Beckham_0016.jpg,0,106,113.833,145.833,113.333,131,133,111,158,146,157
lfw-deepfunneled/lfw-deepfunneled/David_Beckham/David_Beckham_0016.jpg,1,107.167,186.5,140.167,189.167,117,202,108,223,130,226
lfw-deepfunneled/lfw-deepfunneled/Freddy_Garcia/Freddy_Garcia_0001.jpg,0,102.333,113.5,139.333,114.167,134,133,111,160,140,160
lfw-deepfunneled/lfw-deepfunneled/Yasushi_Chimura/Yasushi_Chimura_0001.jpg,0,109.5,114,141.667,117,130,133,118,153,145,157
lfw-deepfunneled/lfw-deepfunneled/Troy_Polamalu/Troy_Polamalu_0001.jpg,0,108.667,112.333,145.167,111.833,122,137,108,155,147,156
lfw-deepfunneled/lfw-deepfunneled/Roger_Daltrey/Roger_Daltrey_0001.jpg,0,105.5,113.667,143.667,112.833,126,140,104,156,150,153
lfw-deepfunneled/lfw-deepfunneled/George_W_Bush/George_W_Bush_0528.jpg,0,104.333,112.333,142.333,111,124,136,108,160,144,161
lfw-deepfunneled/lfw-deepfunneled/Ben_Cahoon/Ben_Cahoon_0001.jpg,0,105.167,111.667,149.5,109.833,123,137,108,157,149,154
lfw-deepfunneled/lfw-deepfunneled/Gerhard_Schroeder/Gerhard_Schroeder_0079.jpg,0,104.167,115,144.833,113.333,122,135,105,158,147,157
lfw-deepfunneled/lfw-deepfunneled/William_Swor/William_Swor_0001.jpg,0,107.167,113.667,144.5,112.333,123,134,109,159,144,157
lfw-deepfunneled/lfw-deepfunneled/Ken_Macha/Ken_Macha_0002.jpg,0,100.167,115.667,142.333,112.167,133,133,103,160,146,157
lfw-deepfunneled/lfw-deepfunneled/Shane_Phillips/Shane_Phillips_0001.jpg,0,103.167,112.5,148.667,111.667,122,134,107,159,146,158
lfw-deepfunneled/lfw-deepfunneled/Carla_Moreno/Carla_Moreno_0001.jpg,0,104.167,113.5,147.167,112.833,122,140,104,156,151,156
lfw-deepfunneled/lfw-deepfunneled/Jefferson_Perez/Jefferson_Perez_0002.jpg,0,105,113.5,146.667,112.167,122,134,107,162,146,161
lfw-deepfunneled/lfw-deepfunneled/Hana_Urushima/Hana_Urushima_0001.jpg,0,105.833,115,140.5,114.333,106,135,104,158,140,159
lfw-deepfunneled/lfw-deepfunneled/Al_Gore/Al_Gore_0004.jpg,0,104,112.833,142.667,111.833,122,138,109,158,143,159
lfw-deepfunneled/lfw-deepfunneled/James_Blake/James_Blake_0013.jpg,0,99.6667,115.167,145.833,115.167,130,124,109,174,147,176
lfw-deepfunneled/lfw-deepfunneled/Anneli_Jaatteenmaki/Anneli_Jaatteenmaki_0001.jpg,0,103.5,114.5,144.667,113.333,121,137,110,159,145,160
lfw-deepfunneled/lfw-deepfunneled/Charles_Schumer/Charles_Schumer_0001.jpg,0,108.833,110.833,145.833,112.167,119,142,115,156,148,156
lfw-deepfunneled/lfw-deepfunneled/Linda_Dano/Linda_Dano_0001.jpg,0,104.333,115.833,146.833,116,117,137,106,158,150,159
lfw-deepfunneled/lfw-deepfunneled/Vladimir_Putin/Vladimir_Putin_0041.jpg,0,102.5,112.333,143.5,109.667,128,143,106,157,146,154
lfw-deepfunneled/lfw-deepfunneled/Shane_Mosley/Shane_Mosley_0002.jpg,0,98.1667,117.833,151,116.5,133,127,107,163,157,162
lfw-deepfunneled/lfw-deepfunneled/Hal_Gehman/Hal_Gehman_0004.jpg,0,106.167,112.5,145.167,112.833,125,138,113,158,142,158
lfw-deepfunneled/lfw-deepfunneled/Aung_San_Suu_Kyi/Aung_San_Suu_Kyi_0001.jpg,0,110.833,113.167,143.333,109.667,117,129,112,159,141,156
lfw-deepfunneled/lfw-deepfunneled/Alexandre_Daigle/Alexandre_Daigle_0001.jpg,0,103.667,113.667,147.667,113.167,127,139,107,158,148,155
lfw-deepfunneled/lfw-deepfunneled/Aaron_Guiel/Aaron_Guiel_0001.jpg,0,99,114.333,142.333,112,125,135,100,161,145,157
lfw-deepfunneled/lfw-deepfunneled/Winona_Ryder/Winona_Ryder_0013.jpg,0,103,114.833,147.833,112.667,126,139,110,156,148,154
lfw-deepfunneled/lfw-deepfunneled/Ronaldo_Luis_Nazario_de_Lima/Ronaldo_Luis_Nazario_de_Lima_0003.jpg,0,102.333,114.333,146.667,113.667,123,135,102,159,153,157
lfw-deepfunneled/lfw-deepfunneled/Rudolph_Giuliani/Rudolph_Giuliani_0015.jpg,0,108.167,118.667,144.833,119.167,121,137,110,161,136,162
lfw-deepfunneled/lfw-deepfunneled/Daryl_Sabara/Daryl_Sabara_0001.jpg,0,102.167,111.5,145.667,110.833,121,135,109,159,140,158
lfw-deepfunneled/lfw-deepfunneled/Takeo_Hiranuma/Takeo_Hiranuma_0001.jpg,0,202.833,141.333,225.333,145.167,215,155,203,169,219,173
lfw-deepfunneled/lfw-deepfunneled/Takeo_Hiranuma/Takeo_Hiranuma_0001.jpg,1,111.167,114.833,143.333,114.167,125,134,117,158,140,158
lfw-deepfunneled/lfw-deepfunneled/Jim_Taylor/Jim_Taylor_0001.jpg,0,102.667,113.333,140.5,112.167,138,136,108,160,142,158
lfw-deepfunneled/lfw-deepfunneled/Marcelo_Salas/Marcelo_Salas_0002.jpg,0,104.167,112.667,144.5,111.667,128,139,101,157,144,157
lfw-deepfunneled/lfw-deepfunneled/Francis_Crick/Francis_Crick_0001.jpg,0,102,112.667,147.167,110.333,131,151,104,163,144,158
lfw-deepfunneled/lfw-deepfunneled/King_Gyanendra/King_Gyanendra_0001.jpg,0,136.333,102.667,155.5,103.167,144,107,138,120,152,122
lfw-deepfunneled/lfw-deepfunneled/King_Gyanendra/King_Gyanendra_0001.jpg,1,120.833,97.6667,159.167,108.333,139,129,109,133,153,142
lfw-deepfunneled/lfw-deepfunneled/Tracy_McGrady/Tracy_McGrady_0002.jpg,0,103.833,115.5,143.667,113,115,122,103,163,141,161
lfw-deepfunneled/lfw-deepfunneled/Carla_Gay_Balingit/Carla_Gay_Balingit_0001.jpg,0,100.833,114.167,147.5,113.333,127,136,100,155,148,153
lfw-deepfunneled/lfw-deepfunneled/Dennis_Kozlowski/Dennis_Kozlowski_0002.jpg,0,104.167,111.167,148.333,106.667,124,139,109,158,145,156
lfw-deepfunneled/lfw-deepfunneled/George_W_Bush/George_W_Bush_0215.jpg,0,103.5,111.167,141,109.667,130,137,109,159,140,158
lfw-deepfunneled/lfw-deepfunneled/Joe_DeLamielleure/Joe_DeLamielleure_0001.jpg,0,105.167,113,146.667,112,130,141,100,154,153,152
lfw-deepfunneled/lfw-deepfunneled/Joe_DeLamielleure/Joe_DeLamielleure_0001.jpg,1,108.833,157.167,149.833,154,132,164,118,205,140,202
lfw-deepfunneled/lfw-deepfunneled/Bob_Stoops/Bob_Stoops_0004.jpg,0,99.6667,112.5,142,110.167,130,135,108,158,142,157
lfw-deepfunneled/lfw-deepfunneled/Sally_Ride/Sally_Ride_0002.jpg,0,103.167,112,146.333,111.333,130,136,104,153,144,153
lfw-deepfunneled/lfw-deepfunneled/Matt_Damon/Matt_Damon_0003.jpg,0,106.5,104.5,146.333,111,136,127,100,146,144,150
lfw-deepfunneled/lfw-deepfunneled/George_W_Bush/George_W_Bush_0515.jpg,0,103.5,112.5,140.5,112,125,134,111,160,138,161
lfw-deepfunneled/lfw-deepfunneled/Lindsay_Davenport/Lindsay_Davenport_0009.jpg,0,102,113.167,142.667,112.667,125,134,110,159,139,159
lfw-deepfunneled/lfw-deepfunneled/Martin_Brodeur/Martin_Brodeur_0001.jpg,0,106.167,111.667,146.5,112.667,133,121,112,159,146,159
lfw-deepfunneled/lfw-deepfunneled/Ashanti/Ashanti_0004.jpg,0,100.167,118.333,148.833,117.167,125,130,101,161,151,160
lfw-deepfunneled/lfw-deepfunneled/Gene_Sauers/Gene_Sauers_0001.jpg,0,105.667,112.667,148,112.333,117,139,105,158,153,159
lfw-deepfunneled/lfw-deepfunneled/Prince_Willem-Alexander/Prince_Willem-Alexander_0002.jpg,0,104,111.833,143.833,111.5,122,134,108,159,141,158
lfw-deepfunneled/lfw-deepfunneled/Tony_Blair/Tony_Blair_0022.jpg,0,103.5,113.167,142.333,112.5,134,136,105,159,141,158
lfw-deepfunneled/lfw-deepfunneled/Lauren_Killian/Lauren_Killian_0001.jpg,0,105.667,113,143.333,114,120,141,110,159,142,158
lfw-deepfunneled/lfw-deepfunneled/Rod_Blagojevich/Rod_Blagojevich_0001.jpg,0,103.667,113.333,142.833,112.5,116,137,104,155,150,156
lfw-deepfunneled/lfw-deepfunneled/Catherine_Donkers/Catherine_Donkers_0001.jpg,0,104,116.167,146.5,114.833,121,125,105,159,149,160
lfw-deepfunneled/lfw-deepfunneled/Sidney_Poitier/Sidney_Poitier_0001.jpg,0,102.167,112.833,146.667,110.833,121,132,103,159,147,157
lfw-deepfunneled/lfw-deepfunneled/Spike_Helmick/Spike_Helmick_0001.jpg,0,103.333,115.167,140.333,114,132,135,105,157,141,153
lfw-deepfunneled/lfw-deepfunneled/Mahmoud_Abbas/Mahmoud_Abbas_0027.jpg,0,106.667,112.667,145,112.167,129,140,107,158,143,156
lfw-deepfunneled/lfw-deepfunneled/Spencer_Abraham/Spencer_Abraham_0017.jpg,0,113.833,113.667,152.667,122,144,130,114,161,150,168
lfw-deepfunneled/lfw-deepfunneled/Frank_Solich/Frank_Solich_0003.jpg,0,99.6667,110.667,141.833,107.333,131,132,108,160,142,156
lfw-deepfunneled/lfw-deepfunneled/Junichiro_Koizumi/Junichiro_Koizumi_0008.jpg,0,106.167,113.5,144,113.333,123,134,112,160,140,157
lfw-deepfunneled/lfw-deepfunneled/Junichiro_Koizumi/Junichiro_Koizumi_0008.jpg,1,111.833,63.6667,151.833,68.6667,141,94,108,110,153,114
lfw-deepfunneled/lfw-deepfunneled/Bill_Gates/Bill_Gates_0007.jpg,0,104.667,113.833,146.333,112.333,122,134,108,158,141,158
lfw-deepfunneled/lfw-deepfunneled/George_W_Bush/George_W_Bush_0003.jpg,0,104,114.667,141.833,115.167,130,129,109,167,142,167
lfw-deepfunneled/lfw-deepfunneled/Sureyya_Ayhan/Sureyya_Ayhan_0001.jpg,0,106.167,114,146.5,112.833,121,136,108,157,144,156
lfw-deepfunneled/lfw-deepfunneled/Masum_Turker/Masum_Turker_0003.jpg,0,105,112.333,144,112.333,129,137,109,159,142,159
lfw-deepfunneled/lfw-deepfunneled/Jorge_Arce/Jorge_Arce_0001.jpg,0,104.5,113.667,147.167,113.5,119,137,109,158,147,157
lfw-deepfunneled/lfw-deepfunneled/Francis_Collins/Francis_Collins_0001.jpg,0,102.167,112.667,140.833,107.167,129,136,109,157,142,155
lfw-deepfunneled/lfw-deepfunneled/Susilo_Bambang_Yudhoyono/Susilo_Bambang_Yudhoyono_0001.jpg,0,104.333,115.167,147,114.5,124,128,108,160,144,160
lfw-deepfunneled/lfw-deepfunneled/Brawley_King/Brawley_King_0001.jpg,0,101.167,111.333,144.667,107.667,128,132,110,159,146,157
lfw-deepfunneled/lfw-deepfunneled/Ray_Price/Ray_Price_0001.jpg,0,104.167,112.667,146.667,112,124,137,110,157,143,157
lfw-deepfunneled/lfw-deepfunneled/George_W_Bush/George_W_Bush_0096.jpg,0,55.5,106,98.8333,113.833,72,133,49,161,87,169
lfw-deepfunneled/lfw-deepfunneled/Arminio_Fraga/Arminio_Fraga_0005.jpg,0,104.667,114.167,146.333,113,116,135,109,159,142,159
lfw-deepfunneled/lfw-deepfunneled/Ed_Smart/Ed_Smart_0003.jpg,0,105.167,114,145.667,105.833,131,136,105,151,156,142
lfw-deepfunneled/lfw-deepfunneled/George_W_Bush/George_W_Bush_0431.jpg,0,104.667,114.167,142.833,113.833,129,134,110,166,141,166
lfw-deepfunneled/lfw-deepfunneled/Tom_Hanks/Tom_Hanks_0003.jpg,0,104,113.167,143.167,111.833,137,135,110,159,145,157
lfw-deepfunneled/lfw-deepfunneled/Steven_Hatfill/Steven_Hatfill_0001.jpg,0,103.5,113.167,147.5,112.667,124,131,106,159,146,159
lfw-deepfunneled/lfw-deepfunneled/Bulent_Ecevit/Bulent_Ecevit_0002.jpg,0,106,110.833,147.667,109.5,120,144,111,156,145,158
lfw-deepfunneled/lfw-deepfunneled/George_W_Bush/George_W_Bush_0484.jpg,0,104.833,111.5,138.5,110.833,123,133,107,158,138,158
lfw-deepfunneled/lfw-deepfunneled/Steve_Mariucci/Steve_Mariucci_0002.jpg,0,107.667,111,147.667,110.833,120,137,108,153,150,154
lfw-deepfunneled/lfw-deepfunneled/Britney_Spears/Britney_Spears_0002.jpg,0,101,113,149.667,112,127,143,99,155,151,154
lfw-deepfunneled/lfw-deepfunneled/Alvaro_Noboa/Alvaro_Noboa_0003.jpg,0,102,115.833,149.833,115,122,130,101,157,148,156
lfw-deepfunneled/lfw-deepfunneled/Rudolph_Giuliani/Rudolph_Giuliani_0017.jpg,0,100.667,112,149,112.167,124,139,101,156,149,156
lfw-deepfunneled/lfw-deepfunneled/Frank_Stallone/Frank_Stallone_0001.jpg,0,105.5,114.5,145,113.667,122,129,109,159,141,158
lfw-deepfunneled/lfw-deepfunneled/Laura_Bush/Laura_Bush_0031.jpg,0,170,57.1667,190.333,56.5,182,70,173,78,188,78
lfw-deepfunneled/lfw-deepfunneled/Laura_Bush/Laura_Bush_0031.jpg,1,114.167,195.833,136.5,197.5,127,214,116,221,134,222
lfw-deepfunneled/lfw-deepfunneled/Laura_Bush/Laura_Bush_0031.jpg,2,103.333,114.667,147.167,114,123,135,104,157,150,157
lfw-deepfunneled/lfw-deepfunneled/JK_Rowling/JK_Rowling_0005.jpg,0,104.667,115.667,146.167,114.167,129,139,110,158,144,156
lfw-deepfunneled/lfw-deepfunneled/Jose_Carreras/Jose_Carreras_0001.jpg,0,102.5,115,138.667,114.667,135,133,108,158,137,159
lfw-deepfunneled/lfw-deepfunneled/Bill_Self/Bill_Self_0001.jpg,0,103,113.333,142.833,113.167,127,131,107,166,143,165
lfw-deepfunneled/lfw-deepfunneled/Roberto_Marinho/Roberto_Marinho_0002.jpg,0,106.5,113,145.667,111.833,127,138,108,155,146,155
lfw-deepfunneled/lfw-deepfunneled/Ariel_Sharon/Ariel_Sharon_0042.jpg,0,106,112.333,143.333,110.667,129,138,107,156,141,156
lfw-deepfunneled/lfw-deepfunneled/Andre_Agassi/Andre_Agassi_0005.jpg,0,101.333,114,142.667,113.167,127,127,103,163,143,160
lfw-deepfunneled/lfw-deepfunneled/George_W_Bush/George_W_Bush_0014.jpg,0,113,112.667,143.167,111.667,118,133,118,157,147,159
lfw-deepfunneled/lfw-deepfunneled/Tiger_Woods/Tiger_Woods_0023.jpg,0,94.1667,115.167,154.5,114.667,125,146,101,182,152,184
lfw-deepfunneled/lfw-deepfunneled/Amanda_Coetzer/Amanda_Coetzer_0001.jpg,0,104,113.833,144.5,112.833,131,136,108,158,144,158
lfw-deepfunneled/lfw-deepfunneled/Abdel_Nasser_Assidi/Abdel_Nasser_Assidi_0001.jpg,0,29.8333,138,45.8333,135.333,31,146,33,159,46,157
lfw-deepfunneled/lfw-deepfunneled/Abdel_Nasser_Assidi/Abdel_Nasser_Assidi_0001.jpg,1,205.167,123.833,223.833,125.833,207,136,205,146,220,148
lfw-deepfunneled/lfw-deepfunneled/Abdel_Nasser_Assidi/Abdel_Nasser_Assidi_0001.jpg,2,102.5,115.167,147.667,113.667,126,132,109,161,142,161
lfw-deepfunneled/lfw-deepfunneled/Mohammed_Al-Douri/Mohammed_Al-Douri_0013.jpg,0,104.333,112.667,143.333,111.333,123,135,111,162,144,160
lfw-deepfunneled/lfw-deepfunneled/George_W_Bush/George_W_Bush_0173.jpg,0,109,113.667,144.667,112.167,123,133,116,161,142,161
lfw-deepfunneled/lfw-deepfunneled/Sylvia_Plachy/Sylvia_Plachy_0001.jpg,0,110.667,110.167,143.333,111,116,138,118,152,148,152
lfw-deepfunneled/lfw-deepfunneled/Jennifer_Capriati/Jennifer_Capriati_0021.jpg,0,102.667,112.833,141.5,113.167,130,129,106,161,145,162
lfw-deepfunneled/lfw-deepfunneled/Martin_Hoellwarth/Martin_Hoellwarth_0001.jpg,0,103.667,113,143,111.333,127,137,109,158,141,155
lfw-deepfunneled/lfw-deepfunneled/Mick_Jagger/Mick_Jagger_0002.jpg,0,98.6667,106.667,148.333,105.833,131,131,103,157,146,158
lfw-deepfunneled/lfw-deepfunneled/Sarah_Jessica_Parker/Sarah_Jessica_Parker_0004.jpg,0,115.833,118.833,144.167,113.5,116,135,119,153,148,149
lfw-deepfunneled/lfw-deepfunneled/Luciano_Bovicelli/Luciano_Bovicelli_0001.jpg,0,104,113.667,145.167,112,127,138,108,159,142,156
lfw-deepfunneled/lfw-deepfunneled/Floyd_Mayweather/Floyd_Mayweather_0001.jpg,0,107.667,115,148.833,113.167,121,136,107,155,151,153
lfw-deepfunneled/lfw-deepfunneled/William_Jackson/William_Jackson_0001.jpg,0,108.167,114.333,143.167,111.667,120,131,114,159,145,157
lfw-deepfunneled/lfw-deepfunneled/Evelyn_Lauder/Evelyn_Lauder_0001.jpg,0,110.5,190.5,134.333,192.833,128,205,112,215,128,218
lfw-deepfunneled/lfw-deepfunneled/Evelyn_Lauder/Evelyn_Lauder_0001.jpg,1,102.833,114.333,148.333,113,129,141,104,156,147,154
lfw-deepfunneled/lfw-deepfunneled/Jack_Straw/Jack_Straw_0004.jpg,0,53.3333,118,99,114.5,63,145,60,164,90,164
lfw-deepfunneled/lfw-deepfunneled/Jack_Straw/Jack_Straw_0004.jpg,1,102.667,114.333,146.333,111.667,132,136,115,168,151,168
lfw-deepfunneled/lfw-deepfunneled/Jennifer_Capriati/Jennifer_Capriati_0032.jpg,0,103.833,116.667,143.833,115.667,126,131,110,167,140,168
lfw-deepfunneled/lfw-deepfunneled/David_Welch/David_Welch_0001.jpg,0,104,106.333,146.167,108,123,139,113,157,141,158
lfw-deepfunneled/lfw-deepfunneled/Ontario_Lett/Ontario_Lett_0001.jpg,0,71.5,177.167,90.6667,175.833,81,188,72,199,91,199
lfw-deepfunneled/lfw-deepfunneled/Ontario_Lett/Ontario_Lett_0001.jpg,1,108.667,115,144.167,113.333,116,140,108,154,146,154
lfw-deepfunneled/lfw-deepfunneled/Bill_Clinton/Bill_Clinton_0019.jpg,0,103.833,57.3333,152.667,59.6667,127,96,96,114,148,113
lfw-deepfunneled/lfw-deepfunneled/Bill_Clinton/Bill_Clinton_0019.jpg,1,106,114,147.667,113.667,124,133,111,160,143,159
lfw-deepfunneled/lfw-deepfunneled/Katherine_Harris/Katherine_Harris_0002.jpg,0,64,114.167,100.833,112.833,84,135,68,151,98,150
lfw-deepfunneled/lfw-deepfunneled/Katherine_Harris/Katherine_Harris_0002.jpg,1,102.167,111.833,145.5,109.833,126,143,102,153,151,150
lfw-deepfunneled/lfw-deepfunneled/Mary_Steenburgen/Mary_Steenburgen_0003.jpg,0,105.5,107.667,148.833,110.5,118,144,105,152,154,153
lfw-deepfunneled/lfw-deepfunneled/Constance_Marie/Constance_Marie_0003.jpg,0,99,115.667,147.167,114.5,125,137,97,157,153,156
lfw-deepfunneled/lfw-deepfunneled/George_W_Bush/George_W_Bush_0249.jpg,0,105.667,112.5,142.5,111.5,121,135,108,157,143,158
lfw-deepfunneled/lfw-deepfunneled/Tony_Blair/Tony_Blair_0019.jpg,0,105,112.667,144.167,112.5,129,133,111,159,143,160
lfw-deepfunneled/lfw-deepfunneled/Anthony_Lee_Johnson/Anthony_Lee_Johnson_0001.jpg,0,101.667,105.833,152.5,107.667,120,133,106,155,149,158
lfw-deepfunneled/lfw-deepfunneled/Javier_Solana/Javier_Solana_0008.jpg,0,192.333,125.667,212.833,124.167,202,136,194,148,214,147
lfw-deepfunneled/lfw-deepfunneled/Javier_Solana/Javier_Solana_0008.jpg,1,103.5,114.667,145.167,113.167,126,138,104,157,148,156
lfw-deepfunneled/lfw-deepfunneled/Jim_Piper/Jim_Piper_0001.jpg,0,103.167,114.667,143,112.667,122,136,105,162,143,159
lfw-deepfunneled/lfw-deepfunneled/Tony_Blair/Tony_Blair_0062.jpg,0,103.667,112.333,142.333,110.333,132,134,109,159,142,158
lfw-deepfunneled/lfw-deepfunneled/Colin_Powell/Colin_Powell_0106.jpg,0,102.333,113.667,151,101.833,117,134,114,166,162,157
lfw-deepfunneled/lfw-deepfunneled/Jean-David_Levitte/Jean-David_Levitte_0005.jpg,0,104.833,110.667,145.667,111.5,119,141,109,164,143,167
lfw-deepfunneled/lfw-deepfunneled/Matt_Doherty/Matt_Doherty_0001.jpg,0,103.333,112.167,142.5,110.5,129,139,109,165,143,164
lfw-deepfunneled/lfw-deepfunneled/Sam_Gerald/Sam_Gerald_0001.jpg,0,101.5,106.833,148,106.333,126,133,112,159,144,160
lfw-deepfunneled/lfw-deepfunneled/Angelina_Jolie/Angelina_Jolie_0003.jpg,0,103.333,112.833,145.833,110,133,140,105,156,144,151
lfw-deepfunneled/lfw-deepfunneled/Ramon_Cardenas/Ramon_Cardenas_0001.jpg,0,131.5,119.167,176.5,111.667,167,150,135,180,174,171
lfw-deepfunneled/lfw-deepfunneled/Ramon_Cardenas/Ramon_Cardenas_0001.jpg,1,76.1667,101.667,146.167,116.167,119,143,79,193,139,206
lfw-deepfunneled/lfw-deepfunneled/Nicanor_Duarte_Frutos/Nicanor_Duarte_Frutos_0002.jpg,0,101.833,115,144.667,114.333,124,133,109,161,142,158
lfw-deepfunneled/lfw-deepfunneled/Gerry_Parsky/Gerry_Parsky_0002.jpg,0,105.667,114.333,146,112.5,120,135,109,161,143,160
lfw-deepfunneled/lfw-deepfunneled/Kevin_Keegan/Kevin_Keegan_0001.jpg,0,102.333,115.5,147.667,114.667,124,131,106,159,145,160
lfw-deepfunneled/lfw-deepfunneled/Jonathan_Edwards/Jonathan_Edwards_0001.jpg,0,103.167,114,147.167,112.667,124,136,100,158,150,158
lfw-deepfunneled/lfw-deepfunneled/Laura_Bush/Laura_Bush_0018.jpg,0,103,112.333,147.833,111.167,128,137,102,155,152,154
lfw-deepfunneled/lfw-deepfunneled/Serena_Williams/Serena_Williams_0030.jpg,0,102.167,114.5,142.333,113.333,136,136,102,157,147,155
lfw-deepfunneled/lfw-deepfunneled/David_Coulthard/David_Coulthard_0001.jpg,0,104.5,113.5,144,112.167,127,135,109,158,144,157
lfw-deepfunneled/lfw-deepfunneled/Rowan_Williams/Rowan_Williams_0001.jpg,0,105.5,115,146.5,113.5,125,129,111,159,142,158
lfw-deepfunneled/lfw-deepfunneled/Joschka_Fischer/Joschka_Fischer_0004.jpg,0,109.833,112.5,151.167,113.333,121,136,115,155,152,156
lfw-deepfunneled/lfw-deepfunneled/Tony_Blair/Tony_Blair_0046.jpg,0,102.667,114,142.167,112.5,123,133,111,161,140,161
lfw-deepfunneled/lfw-deepfunneled/George_W_Bush/George_W_Bush_0002.jpg,0,106.667,113,144,113,127,131,110,161,141,162
lfw-deepfunneled/lfw-deepfunneled/Pamela_Melroy/Pamela_Melroy_0001.jpg,0,107.667,113.333,147.667,113,122,136,110,158,145,157
lfw-deepfunneled/lfw-deepfunneled/Paul_Wolfowitz/Paul_Wolfowitz_0006.jpg,0,104.167,111.667,146,111,127,140,108,155,146,155
lfw-deepfunneled/lfw-deepfunneled/Jiri_Novak/Jiri_Novak_0002.jpg,0,100.167,112.833,144.833,113,127,131,101,156,144,157
lfw-deepfunneled/lfw-deepfunneled/Oxana_Fedorova/Oxana_Fedorova_0002.jpg,0,104,115.833,146.167,112.833,142,139,96,158,147,154
lfw-deepfunneled/lfw-deepfunneled/Jason_Alexander/Jason_Alexander_0001.jpg,0,103,113.333,145.667,111.5,126,136,106,157,145,155
lfw-deepfunneled/lfw-deepfunneled/Spencer_Abraham/Spencer_Abraham_0002.jpg,0,61.3333,95,105.667,112.833,63,141,51,144,85,160
lfw-deepfunneled/lfw-deepfunneled/Tony_Blair/Tony_Blair_0036.jpg,0,106.167,112,145.667,112.5,115,138,108,156,153,156
lfw-deepfunneled/lfw-deepfunneled/Conan_OBrien/Conan_OBrien_0001.jpg,0,104.833,114.333,148,113.667,129,141,106,158,145,155
lfw-deepfunneled/lfw-deepfunneled/Dave_McNally/Dave_McNally_0001.jpg,0,106.167,115.167,147.167,114.167,121,122,105,154,145,156
lfw-deepfunneled/lfw-deepfunneled/John_Snow/John_Snow_0012.jpg,0,121.167,70.8333,162.167,68.5,146,93,133,115,161,113
lfw-deepfunneled/lfw-deepfunneled/John_Snow/John_Snow_0012.jpg,1,106.333,115.833,144.167,113.833,120,133,111,162,140,161
lfw-deepfunneled/lfw-deepfunneled/Gray_Davis/Gray_Davis_0008.jpg,0,98.5,113.333,147.333,110.667,128,140,105,157,146,155
lfw-deepfunneled/lfw-deepfunneled/Shaul_Mofaz/Shaul_Mofaz_0003.jpg,0,99,113.5,140.167,111.5,126,133,108,160,142,159
lfw-deepfunneled/lfw-deepfunneled/Gloria_Macapagal_Arroyo/Gloria_Macapagal_Arroyo_0038.jpg,0,104,114.667,146.667,112.833,128,136,103,151,151,149
lfw-deepfunneled/lfw-deepfunneled/Andre_Agassi/Andre_Agassi_0021.jpg,0,105.167,114.833,144.5,113.167,127,139,109,157,142,156
lfw-deepfunneled/lfw-deepfunneled/Norman_Mailer/Norman_Mailer_0001.jpg,0,104.667,111.167,145.667,111.167,126,141,110,156,144,156
lfw-deepfunneled/lfw-deepfunneled/Norah_Jones/Norah_Jones_0001.jpg,0,100.167,113.167,146.667,113.167,126,137,100,151,149,151
lfw-deepfunneled/lfw-deepfunneled/Darryl_Stingley/Darryl_Stingley_0001.jpg,0,204,48.8333,222.5,52.1667,215,62,204,71,218,73
lfw-deepfunneled/lfw-deepfunneled/Darryl_Stingley/Darryl_Stingley_0001.jpg,1,102.5,116.167,147.5,114.833,127,140,104,161,146,160
lfw-deepfunneled/lfw-deepfunneled/Jeb_Bush/Jeb_Bush_0005.jpg,0,104.333,112.5,144,112.833,128,129,108,160,145,159
lfw-deepfunneled/lfw-deepfunneled/Bashar_Assad/Bashar_Assad_0003.jpg,0,104.5,110.667,144.833,111.167,128,136,111,157,143,157
lfw-deepfunneled/lfw-deepfunneled/Biljana_Plavsic/Biljana_Plavsic_0003.jpg,0,106.167,106.667,143.833,106.667,127,136,109,155,142,154
lfw-deepfunneled/lfw-deepfunneled/Earl_Campbell/Earl_Campbell_0001.jpg,0,103,112.833,148,111.167,118,134,104,159,149,157
lfw-deepfunneled/lfw-deepfunneled/Olene_Walker/Olene_Walker_0001.jpg,0,99.5,112.667,142.167,112.333,126,127,102,157,143,158
lfw-deepfunneled/lfw-deepfunneled/Kjell_Magne_Bondevik/Kjell_Magne_Bondevik_0003.jpg,0,103.167,113.833,147.333,113.667,127,132,109,160,143,159
lfw-deepfunneled/lfw-deepfunneled/Colin_Powell/Colin_Powell_0051.jpg,0,106.167,112.833,146.333,112.667,120,131,109,158,140,158
lfw-deepfunneled/lfw-deepfunneled/Christina_Aguilera/Christina_Aguilera_0001.jpg,0,44.5,197.5,64.8333,192.5,53,211,49,221,65,217
lfw-deepfunneled/lfw-deepfunneled/Christina_Aguilera/Christina_Aguilera_0001.jpg,1,96.1667,108.833,148.167,105.833,125,134,104,160,147,156
lfw-deepfunneled/lfw-deepfunneled/Charlton_Heston/Charlton_Heston_0001.jpg,0,89.8333,64.1667,126,72,98,88,85,106,121,111
lfw-deepfunneled/lfw-deepfunneled/Charlton_Heston/Charlton_Heston_0001.jpg,1,106.833,113.333,149,112.667,124,134,108,158,146,158
lfw-deepfunneled/lfw-deepfunneled/Monica_Lewinsky/Monica_Lewinsky_0001.jpg,0,103.167,114.167,146.5,113.333,118,133,108,167,148,164
lfw-deepfunneled/lfw-deepfunneled/Antonio_Elias_Saca/Antonio_Elias_Saca_0001.jpg,0,107.333,156.167,137.167,158.5,112,190,106,201,135,206
lfw-deepfunneled/lfw-deepfunneled/Antonio_Elias_Saca/Antonio_Elias_Saca_0001.jpg,1,100.667,116.5,148.167,114.167,117,117,101,159,146,159
lfw-deepfunneled/lfw-deepfunneled/Ken_Watanabe/Ken_Watanabe_0001.jpg,0,56.1667,59.3333,72,56.5,63,67,59,78,71,76
lfw-deepfunneled/lfw-deepfunneled/Joe_Cocker/Joe_Cocker_0001.jpg,0,102.833,116,145.167,115.167,130,127,110,162,145,160
lfw-deepfunneled/lfw-deepfunneled/Ariel_Sharon/Ariel_Sharon_0071.jpg,0,105.833,113,145.833,112,125,139,109,157,146,157
lfw-deepfunneled/lfw-deepfunneled/Brandon_Knight/Brandon_Knight_0001.jpg,0,102.833,111.5,138.667,108.167,127,136,105,155,137,154
lfw-deepfunneled/lfw-deepfunneled/John_Allen_Muhammad/John_Allen_Muhammad_0010.jpg,0,105.5,112.667,142.167,112.167,131,136,110,159,140,158
lfw-deepfunneled/lfw-deepfunneled/John_Allen_Muhammad/John_Allen_Muhammad_0010.jpg,1,166,121.167,209.5,107.833,187,136,180,164,209,153
lfw-deepfunneled/lfw-deepfunneled/Sonia_Lopez/Sonia_Lopez_0001.jpg,0,102.667,113,145.833,111.667,123,137,99,154,150,152
lfw-deepfunneled/lfw-deepfunneled/Zarai_Toledo/Zarai_Toledo_0002.jpg,0,202.5,70,215.833,68.8333,212,80,206,85,215,84
lfw-deepfunneled/lfw-deepfunneled/Zarai_Toledo/Zarai_Toledo_0002.jpg,1,193.667,53,210,53,200,63,195,69,211,69
lfw-deepfunneled/lfw-deepfunneled/Zarai_Toledo/Zarai_Toledo_0002.jpg,2,103.167,114,148.333,112.5,121,129,107,161,143,160
lfw-deepfunneled/lfw-deepfunneled/Colin_Farrell/Colin_Farrell_0004.jpg,0,106,117.5,143.833,116.833,125,143,112,167,141,166
lfw-deepfunneled/lfw-deepfunneled/Thomas_Daily/Thomas_Daily_0001.jpg,0,109.167,112.667,146.833,113,121,136,113,150,152,151
lfw-deepfunneled/lfw-deepfunneled/Jiri_Novak/Jiri_Novak_0009.jpg,0,103.167,115.5,144,115,128,128,109,163,143,164
lfw-deepfunneled/lfw-deepfunneled/Jean-David_Levitte/Jean-David_Levitte_0009.jpg,0,106.167,111.5,142.5,110.667,125,135,107,157,141,158
lfw-deepfunneled/lfw-deepfunneled/Daniel_Radcliffe/Daniel_Radcliffe_0001.jpg,0,112.833,114,146.667,113.333,117,135,116,155,149,155
lfw-deepfunneled/lfw-deepfunneled/Brad_Garrett/Brad_Garrett_0003.jpg,0,103.5,109.5,142.667,108.5,125,141,108,156,138,156
lfw-deepfunneled/lfw-deepfunneled/Monica_Seles/Monica_Seles_0006.jpg,0,109.5,114.667,142.167,112.833,125,137,115,155,146,154
lfw-deepfunneled/lfw-deepfunneled/Silvio_Berlusconi/Silvio_Berlusconi_0029.jpg,0,105.667,112.667,145.167,112,124,136,110,157,142,158
lfw-deepfunneled/lfw-deepfunneled/Lou_Piniella/Lou_Piniella_0003.jpg,0,103,101.833,137.667,102.333,125,116,106,145,133,146
lfw-deepfunneled/lfw-deepfunneled/Alastair_Campbell/Alastair_Campbell_0005.jpg,0,106,111.5,141.5,111.667,136,138,110,159,140,159
lfw-deepfunneled/lfw-deepfunneled/Johnny_Benson/Johnny_Benson_0001.jpg,0,102,111.167,145.833,111,125,138,104,158,146,156
lfw-deepfunneled/lfw-deepfunneled/Chuck_Hagel/Chuck_Hagel_0001.jpg,0,103.333,114.167,144.667,112.667,130,139,106,158,143,157
lfw-deepfunneled/lfw-deepfunneled/John_Bolton/John_Bolton_0006.jpg,0,105,110,146.333,109.667,127,131,112,159,141,160
lfw-deepfunneled/lfw-deepfunneled/Colin_Powell/Colin_Powell_0164.jpg,0,102.833,114.167,146,112.167,124,132,104,156,149,154
lfw-deepfunneled/lfw-deepfunneled/Hipolito_Mejia/Hipolito_Mejia_0001.jpg,0,101,112.667,148.167,110.833,133,136,100,157,150,155
lfw-deepfunneled/lfw-deepfunneled/Mick_Jagger/Mick_Jagger_0001.jpg,0,103.333,111.5,145.5,109.5,124,133,107,160,150,161
lfw-deepfunneled/lfw-deepfunneled/George_W_Bush/George_W_Bush_0451.jpg,0,107.833,112.167,143.833,111.5,120,137,113,157,147,160
lfw-deepfunneled/lfw-deepfunneled/George_W_Bush/George_W_Bush_0139.jpg,0,106,112.833,141.833,111.667,128,137,114,162,139,160
lfw-deepfunneled/lfw-deepfunneled/Ariel_Sharon/Ariel_Sharon_0049.jpg,0,102.833,113.167,143.667,111.667,126,140,109,158,143,157
lfw-deepfunneled/lfw-deepfunneled/Aidan_Quinn/Aidan_Quinn_0001.jpg,0,103.667,112.667,147.833,110,126,138,108,158,147,156
lfw-deepfunneled/lfw-deepfunneled/Courtney_Cox/Courtney_Cox_0001.jpg,0,61.3333,80.6667,84.8333,82.6667,71,92,61,101,78,105
lfw-deepfunneled/lfw-deepfunneled/Courtney_Cox/Courtney_Cox_0001.jpg,1,104.333,114.833,147.5,114.333,120,138,104,156,151,156
lfw-deepfunneled/lfw-deepfunneled/Michael_Ballack/Michael_Ballack_0001.jpg,0,100.667,116.167,146.667,114.167,123,133,105,160,147,157
lfw-deepfunneled/lfw-deepfunneled/Alimzhan_Tokhtakhounov/Alimzhan_Tokhtakhounov_0001.jpg,0,102.5,106.167,149.667,105.333,124,134,106,156,143,158
lfw-deepfunneled/lfw-deepfunneled/Augusto_Roa_Bastos/Augusto_Roa_Bastos_0002.jpg,0,111.667,111,149.333,110.5,120,138,114,154,147,154
lfw-deepfunneled/lfw-deepfunneled/Adel_Al-Jubeir/Adel_Al-Jubeir_0002.jpg,0,102.667,114.167,141.667,113.833,126,133,109,159,138,159
lfw-deepfunneled/lfw-deepfunneled/Condoleezza_Rice/Condoleezza_Rice_0001.jpg,0,121.333,181,145.333,177.5,137,194,128,209,144,206
lfw-deepfunneled/lfw-deepfunneled/Condoleezza_Rice/Condoleezza_Rice_0001.jpg,1,100.667,114,148.5,113.333,125,133,101,155,147,153
lfw-deepfunneled/lfw-deepfunneled/Jacques_Chirac/Jacques_Chirac_0013.jpg,0,105.5,121.667,144,120.667,126,141,107,158,145,157
lfw-deepfunneled/lfw-deepfunneled/Johan_Bruyneel/Johan_Bruyneel_0001.jpg,0,108.167,113.5,143.5,119.667,127,139,105,154,135,158
lfw-deepfunneled/lfw-deepfunneled/Gloria_Macapagal_Arroyo/Gloria_Macapagal_Arroyo_0036.jpg,0,101.333,114.5,143.167,114.333,130,133,107,158,141,157
lfw-deepfunneled/lfw-deepfunneled/George_W_Bush/George_W_Bush_0231.jpg,0,108.167,109.667,143.833,111.667,120,137,112,161,140,164
lfw-deepfunneled/lfw-deepfunneled/Zhu_Rongji/Zhu_Rongji_0003.jpg,0,105.667,115.667,142,114.167,131,136,106,158,139,156
lfw-deepfunneled/lfw-deepfunneled/Jean_Chretien/Jean_Chretien_0009.jpg,0,101.667,113.833,144.167,113.5,121,139,107,157,147,156
lfw-deepfunneled/lfw-deepfunneled/Kim_Jong-Il/Kim_Jong-Il_0002.jpg,0,106.333,113.667,145.5,114,128,131,108,159,140,160
lfw-deepfunneled/lfw-deepfunneled/Ronald_Harwood/Ronald_Harwood_0001.jpg,0,103.667,110.5,145,110.333,122,133,107,156,144,158
lfw-deepfunneled/lfw-deepfunneled/David_Modell/David_Modell_0001.jpg,0,101,113.333,142.333,112.5,128,132,105,161,144,160
lfw-deepfunneled/lfw-deepfunneled/Amanda_Bynes/Amanda_Bynes_0004.jpg,0,104.667,113.5,136.833,115.667,133,132,111,160,133,160
lfw-deepfunneled/lfw-deepfunneled/Emelie_Loit/Emelie_Loit_0001.jpg,0,107.667,114.333,144.167,113.333,122,131,111,160,144,159
lfw-deepfunneled/lfw-deepfunneled/Joan_Dangerfield/Joan_Dangerfield_0001.jpg,0,184.833,136,204.833,134,193,148,186,156,206,155
lfw-deepfunneled/lfw-deepfunneled/Joan_Dangerfield/Joan_Dangerfield_0001.jpg,1,103.667,116.167,140.167,116,123,131,107,155,137,154
lfw-deepfunneled/lfw-deepfunneled/Paul_ONeill/Paul_ONeill_0004.jpg,0,101.833,114.333,143.5,113.5,133,132,112,160,142,159
lfw-deepfunneled/lfw-deepfunneled/Mike_Krzyzewski/Mike_Krzyzewski_0002.jpg,0,104.167,115.667,140.333,116.167,127,132,109,162,140,163
lfw-deepfunneled/lfw-deepfunneled/Suzanne_Gaudet/Suzanne_Gaudet_0001.jpg,0,105.333,112.333,146.667,105,134,134,113,157,148,151
lfw-deepfunneled/lfw-deepfunneled/Vicente_Fox/Vicente_Fox_0018.jpg,0,101.667,117,144,113,128,135,102,159,150,154
lfw-deepfunneled/lfw-deepfunneled/Chris_Cooper/Chris_Cooper_0001.jpg,0,100.667,112.833,146.5,112.333,130,140,101,155,145,158
lfw-deepfunneled/lfw-deepfunneled/John_Starks/John_Starks_0001.jpg,0,107.167,118.333,144.5,115.833,124,132,110,161,143,160
lfw-deepfunneled/lfw-deepfunneled/Ximena_Bohorquez/Ximena_Bohorquez_0001.jpg,0,103,113.167,146.167,111.833,126,144,100,153,154,152
lfw-deepfunneled/lfw-deepfunneled/Brooke_Shields/Brooke_Shields_0001.jpg,0,103.333,113.5,147.833,112,124,137,105,157,147,156
lfw-deepfunneled/lfw-deepfunneled/Jason_Jennings/Jason_Jennings_0002.jpg,0,101.167,113.333,146.667,112.167,125,138,103,154,146,154
lfw-deepfunneled/lfw-deepfunneled/Keith_Bishop_Jr/Keith_Bishop_Jr_0001.jpg,0,109.5,111.667,143.667,114.333,110,133,111,154,145,157
lfw-deepfunneled/lfw-deepfunneled/Recep_Tayyip_Erdogan/Recep_Tayyip_Erdogan_0002.jpg,0,36.6667,143.167,59,144.667,42,158,36,171,55,172
lfw-deepfunneled/lfw-deepfunneled/Recep_Tayyip_Erdogan/Recep_Tayyip_Erdogan_0002.jpg,1,105.667,111.833,145.167,111.333,116,138,107,156,143,157
lfw-deepfunneled/lfw-deepfunneled/Dave_Campo/Dave_Campo_0003.jpg,0,107,113.833,147.333,112.833,125,133,108,158,144,159
lfw-deepfunneled/lfw-deepfunneled/Salma_Hayek/Salma_Hayek_0012.jpg,0,104.167,114.167,149,113.667,122,138,107,158,148,156
lfw-deepfunneled/lfw-deepfunneled/Salma_Hayek/Salma_Hayek_0012.jpg,1,105,200.833,133.167,200.667,111,222,103,228,136,229
lfw-deepfunneled/lfw-deepfunneled/John_Rowland/John_Rowland_0002.jpg,0,103.333,114,144,114,127,128,106,159,142,161
lfw-deepfunneled/lfw-deepfunneled/Nathalie_Baye/Nathalie_Baye_0002.jpg,0,123.833,193.333,153,186.667,134,212,130,225,155,221
lfw-deepfunneled/lfw-deepfunneled/Nathalie_Baye/Nathalie_Baye_0002.jpg,1,104.5,111.667,145.333,112,114,139,106,156,145,155
lfw-deepfunneled/lfw-deepfunneled/Cha_Yung-gu/Cha_Yung-gu_0001.jpg,0,104.667,114.333,142.167,114,126,135,112,159,140,159
lfw-deepfunneled/lfw-deepfunneled/Antonio_Banderas/Antonio_Banderas_0003.jpg,0,99.1667,111.5,145.333,110,125,141,103,156,146,154
lfw-deepfunneled/lfw-deepfunneled/Gabriel_Hughes/Gabriel_Hughes_0001.jpg,0,104.667,117.667,140,117.333,130,133,112,164,140,163
lfw-deepfunneled/lfw-deepfunneled/Georgia_Giddings/Georgia_Giddings_0001.jpg,0,108.5,115.333,147.333,114.667,132,135,109,157,146,155
lfw-deepfunneled/lfw-deepfunneled/Colin_Powell/Colin_Powell_0059.jpg,0,104.667,119,147.667,115,136,134,117,169,150,165
lfw-deepfunneled/lfw-deepfunneled/John_Negroponte/John_Negroponte_0027.jpg,0,106.5,111.5,146.5,110.667,127,136,111,159,144,156
lfw-deepfunneled/lfw-deepfunneled/Michael_Linscott/Michael_Linscott_0001.jpg,0,97.1667,131.5,128.333,117.167,102,151,110,181,138,168
lfw-deepfunneled/lfw-deepfunneled/Rick_Reed/Rick_Reed_0001.jpg,0,96.1667,108.833,149.167,106.667,127,134,101,171,143,170
lfw-deepfunneled/lfw-deepfunneled/Steve_Wariner/Steve_Wariner_0001.jpg,0,99.8333,114.833,142.5,114.833,132,129,109,162,142,162
lfw-deepfunneled/lfw-deepfunneled/Jorge_Batlle/Jorge_Batlle_0001.jpg,0,106.667,117.667,150.167,106,121,136,123,170,160,162
lfw-deepfunneled/lfw-deepfunneled/Robert_Douglas/Robert_Douglas_0001.jpg,0,107.333,114.167,145.333,113.667,129,131,112,160,139,160
lfw-deepfunneled/lfw-deepfunneled/Junichiro_Koizumi/Junichiro_Koizumi_0049.jpg,0,104.833,114.667,146.667,113.833,122,143,115,166,143,165
lfw-deepfunneled/lfw-deepfunneled/Junichiro_Koizumi/Junichiro_Koizumi_0049.jpg,1,109.667,58.6667,160,55.1667,137,97,111,107,160,106
lfw-deepfunneled/lfw-deepfunneled/Gloria_Macapagal_Arroyo/Gloria_Macapagal_Arroyo_0007.jpg,0,210.167,106.333,230.667,108.333,217,120,210,130,230,131
lfw-deepfunneled/lfw-deepfunneled/Gloria_Macapagal_Arroyo/Gloria_Macapagal_Arroyo_0007.jpg,1,97.8333,117,145.667,117.333,129,129,108,160,147,161
lfw-deepfunneled/lfw-deepfunneled/Dan_Bartlett/Dan_Bartlett_0001.jpg,0,101.5,115,141.667,116.833,132,124,110,159,143,161
lfw-deepfunneled/lfw-deepfunneled/Mike_Martz/Mike_Martz_0003.jpg,0,104.333,112.333,144.5,110.5,129,137,107,158,142,159
lfw-deepfunneled/lfw-deepfunneled/Masahiko_Nagasawa/Masahiko_Nagasawa_0001.jpg,0,101.167,105.333,143,101.333,125,114,112,149,143,147
lfw-deepfunneled/lfw-deepfunneled/Li_Peng/Li_Peng_0005.jpg,0,104.667,113,138.667,114.5,130,136,105,154,134,154
lfw-deepfunneled/lfw-deepfunneled/Colin_Powell/Colin_Powell_0011.jpg,0,101.167,115.333,147.5,112.333,125,128,108,161,146,159
lfw-deepfunneled/lfw-deepfunneled/Enos_Slaughter/Enos_Slaughter_0001.jpg,0,103.167,113.333,147.833,112.5,124,147,106,169,146,169
lfw-deepfunneled/lfw-deepfunneled/Andy_Roddick/Andy_Roddick_0012.jpg,0,104.5,114.5,145.5,113.167,121,133,107,158,145,157
lfw-deepfunneled/lfw-deepfunneled/Bill_Clinton/Bill_Clinton_0008.jpg,0,104.333,113.667,142.667,112.167,126,138,106,158,148,157
lfw-deepfunneled/lfw-deepfunneled/Lesley_Flood/Lesley_Flood_0001.jpg,0,113.167,196.333,139,195.5,125,213,114,226,139,226
lfw-deepfunneled/lfw-deepfunneled/Lesley_Flood/Lesley_Flood_0001.jpg,1,102.667,114,148.333,114.333,120,141,103,155,151,155
lfw-deepfunneled/lfw-deepfunneled/Judy_Vassar/Judy_Vassar_0001.jpg,0,100.667,114.667,143.667,113.167,134,140,100,157,146,155
lfw-deepfunneled/lfw-deepfunneled/Tom_Daschle/Tom_Daschle_0008.jpg,0,103.833,110.833,147.667,111.167,123,141,106,157,149,156
lfw-deepfunneled/lfw-deepfunneled/Pham_Sy_Chien/Pham_Sy_Chien_0001.jpg,0,107.5,113.833,147.667,112.667,125,135,109,158,144,159
lfw-deepfunneled/lfw-deepfunneled/Tom_Harkin/Tom_Harkin_0003.jpg,0,103.5,113.833,141.5,113.833,124,141,109,156,140,156
lfw-deepfunneled/lfw-deepfunneled/Tom_Harkin/Tom_Harkin_0003.jpg,1,19.3333,63.8333,51.3333,58.1667,39,81,26,90,54,85
lfw-deepfunneled/lfw-deepfunneled/Paul_Clark/Paul_Clark_0001.jpg,0,106,113.5,142.667,113.167,127,137,110,157,139,156
lfw-deepfunneled/lfw-deepfunneled/Ramiro_Goben_Reducindo/Ramiro_Goben_Reducindo_0001.jpg,0,105.333,111.667,145.167,109.833,124,137,104,150,150,148
lfw-deepfunneled/lfw-deepfunneled/George_W_Bush/George_W_Bush_0465.jpg,0,104.333,113.5,140.5,112.667,129,133,110,160,141,160
lfw-deepfunneled/lfw-deepfunneled/Paul_McCartney/Paul_McCartney_0004.jpg,0,105.167,112,145,111.333,121,134,112,160,142,161
lfw-deepfunneled/lfw-deepfunneled/Eric_Hinske/Eric_Hinske_0002.jpg,0,205.333,191.167,230,194.333,217,202,204,214,224,216
lfw-deepfunneled/lfw-deepfunneled/Eric_Hinske/Eric_Hinske_0002.jpg,1,103.833,114.833,147.833,114,118,140,105,156,153,156
lfw-deepfunneled/lfw-deepfunneled/Luiz_Inacio_Lula_da_Silva/Luiz_Inacio_Lula_da_Silva_0033.jpg,0,119.5,115,156.667,113.167,151,137,121,152,157,152
lfw-deepfunneled/lfw-deepfunneled/Ira_Einhorn/Ira_Einhorn_0001.jpg,0,188.833,72,218.833,74.5,205,95,192,106,215,108
lfw-deepfunneled/lfw-deepfunneled/Ira_Einhorn/Ira_Einhorn_0001.jpg,1,107.5,114.167,153.5,109.667,147,132,122,167,159,162
lfw-deepfunneled/lfw-deepfunneled/Lucio_Gutierrez/Lucio_Gutierrez_0006.jpg,0,103.167,112.833,145.667,112.833,126,145,103,153,147,153
lfw-deepfunneled/lfw-deepfunneled/Terrell_Suggs/Terrell_Suggs_0002.jpg,0,102.833,115.167,149.5,112.667,132,137,104,160,154,157
lfw-deepfunneled/lfw-deepfunneled/George_W_Bush/George_W_Bush_0166.jpg,0,110.333,111.833,148,112.167,117,134,108,170,142,170
lfw-deepfunneled/lfw-deepfunneled/Martin_Burnham/Martin_Burnham_0001.jpg,0,103,114.5,144,112.5,129,132,111,160,141,159
lfw-deepfunneled/lfw-deepfunneled/Tony_Bennett/Tony_Bennett_0001.jpg,0,102.833,113.5,145.667,112,128,136,103,157,145,156
lfw-deepfunneled/lfw-deepfunneled/Julianne_Moore/Julianne_Moore_0005.jpg,0,102.333,115,146.5,113.667,127,137,103,158,147,157
lfw-deepfunneled/lfw-deepfunneled/Ian_Knop/Ian_Knop_0001.jpg,0,101.5,113.667,141.5,111.833,117,136,100,156,143,155
lfw-deepfunneled/lfw-deepfunneled/Abdullah_Gul/Abdullah_Gul_0016.jpg,0,101,108.5,140.167,108,99,128,95,152,125,156
lfw-deepfunneled/lfw-deepfunneled/Anna_Kournikova/Anna_Kournikova_0001.jpg,0,101.833,112.333,144.833,105.333,132,138,116,163,146,157
lfw-deepfunneled/lfw-deepfunneled/Jennifer_Capriati/Jennifer_Capriati_0008.jpg,0,102.167,115.167,144,112.833,120,121,97,153,145,153
lfw-deepfunneled/lfw-deepfunneled/Ranil_Wickremasinghe/Ranil_Wickremasinghe_0003.jpg,0,102,110.333,146,110.333,124,133,108,157,142,157
lfw-deepfunneled/lfw-deepfunneled/Kosuke_Kitajima/Kosuke_Kitajima_0001.jpg,0,102.833,114.333,141.5,112.833,129,139,108,158,139,157
lfw-deepfunneled/lfw-deepfunneled/Franco_Cangele/Franco_Cangele_0001.jpg,0,103.333,120,146,115.833,122,133,109,169,142,165
lfw-deepfunneled/lfw-deepfunneled/William_Bratton/William_Bratton_0002.jpg,0,108.667,114.167,143.5,116.333,114,135,107,160,133,163
lfw-deepfunneled/lfw-deepfunneled/Don_Carcieri/Don_Carcieri_0001.jpg,0,105.833,112.667,146.833,112.667,116,136,105,156,151,157
lfw-deepfunneled/lfw-deepfunneled/Naomi_Watts/Naomi_Watts_0021.jpg,0,104.167,112.667,149.5,112,125,141,101,152,150,153
lfw-deepfunneled/lfw-deepfunneled/Martin_Sheen/Martin_Sheen_0002.jpg,0,108.833,114.333,143.667,113,128,136,112,158,141,157
lfw-deepfunneled/lfw-deepfunneled/Howard_Dean/Howard_Dean_0012.jpg,0,102.167,114,138.667,113.667,130,133,107,158,139,158
lfw-deepfunneled/lfw-deepfunneled/Donald_Pettit/Donald_Pettit_0002.jpg,0,178,194,195,192.167,187,203,182,215,196,213
lfw-deepfunneled/lfw-deepfunneled/Donald_Pettit/Donald_Pettit_0002.jpg,1,101.5,113,144,113,132,139,98,154,144,155
lfw-deepfunneled/lfw-deepfunneled/Ron_Howard/Ron_Howard_0001.jpg,0,193.167,56.8333,228.5,55.5,216,70,199,84,228,84
lfw-deepfunneled/lfw-deepfunneled/Ron_Howard/Ron_Howard_0001.jpg,1,103.667,112,142.333,110.167,138,133,106,162,144,159
lfw-deepfunneled/lfw-deepfunneled/Harold_Scott/Harold_Scott_0001.jpg,0,107.667,115,150.333,111.667,118,128,107,164,141,162
lfw-deepfunneled/lfw-deepfunneled/Jacques_Rogge/Jacques_Rogge_0010.jpg,0,103.833,112,144.333,111.5,130,137,103,163,138,164
lfw-deepfunneled/lfw-deepfunneled/Silvio_Berlusconi/Silvio_Berlusconi_0020.jpg,0,105.333,115,144.333,113.833,132,137,100,153,143,155
lfw-deepfunneled/lfw-deepfunneled/Lindsay_Benko/Lindsay_Benko_0002.jpg,0,100.667,116.667,144.333,115,132,137,98,158,147,157
lfw-deepfunneled/lfw-deepfunneled/Robinson_Stevenin/Robinson_Stevenin_0001.jpg,0,105.333,104.833,147.833,110.667,114,138,106,152,148,154
lfw-deepfunneled/lfw-deepfunneled/Kofi_Annan/Kofi_Annan_0004.jpg,0,55.6667,117.5,72.8333,123.667,59,130,52,137,65,142
lfw-deepfunneled/lfw-deepfunneled/Kofi_Annan/Kofi_Annan_0004.jpg,1,100.667,116.333,151.167,115.667,125,135,106,168,148,166
lfw-deepfunneled/lfw-deepfunneled/Mesut_Yilmaz/Mesut_Yilmaz_0001.jpg,0,102,113.5,144.667,116.167,107,138,103,154,145,158
lfw-deepfunneled/lfw-deepfunneled/Pernilla_Bjorn/Pernilla_Bjorn_0001.jpg,0,101.5,112.833,147.167,112.167,135,135,102,158,148,157
lfw-deepfunneled/lfw-deepfunneled/Hatsui_Hasuike/Hatsui_Hasuike_0001.jpg,0,102.167,115.5,143,114.167,121,132,109,161,138,159
lfw-deepfunneled/lfw-deepfunneled/Jack_Straw/Jack_Straw_0005.jpg,0,105.5,114.167,141.333,111.5,122,135,115,160,145,156
lfw-deepfunneled/lfw-deepfunneled/Jim_Paxson/Jim_Paxson_0001.jpg,0,108.333,112.667,144.167,112.667,132,135,116,159,142,158
lfw-deepfunneled/lfw-deepfunneled/Ariel_Sharon/Ariel_Sharon_0059.jpg,0,106.5,113.667,145.833,112.167,122,135,111,160,144,160
lfw-deepfunneled/lfw-deepfunneled/Pervez_Musharraf/Pervez_Musharraf_0003.jpg,0,104.167,112.833,145.5,113,128,135,108,159,143,158
lfw-deepfunneled/lfw-deepfunneled/Dennis_Kozlowski/Dennis_Kozlowski_0001.jpg,0,104.5,112.5,146.333,108.5,119,137,112,160,146,158
lfw-deepfunneled/lfw-deepfunneled/Rachel_Hunter/Rachel_Hunter_0001.jpg,0,102.333,113.833,145.333,112.833,129,135,107,159,142,159
lfw-deepfunneled/lfw-deepfunneled/Rachel_Hunter/Rachel_Hunter_0001.jpg,1,65.6667,112.333,100.5,113,80,133,71,151,92,151
lfw-deepfunneled/lfw-deepfunneled/Kara_Lynn_Joyce/Kara_Lynn_Joyce_0001.jpg,0,109,111,150.667,113.5,116,138,112,157,160,159
lfw-deepfunneled/lfw-deepfunneled/Kim_Clijsters/Kim_Clijsters_0014.jpg,0,99.1667,114.833,146,112.5,122,132,99,157,150,155
lfw-deepfunneled/lfw-deepfunneled/Tom_Ridge/Tom_Ridge_0004.jpg,0,104.833,112.833,147.167,111.5,116,132,106,160,141,159
lfw-deepfunneled/lfw-deepfunneled/Javier_Solana/Javier_Solana_0005.jpg,0,104.5,113.667,145.5,112.667,124,135,108,158,143,158
lfw-deepfunneled/lfw-deepfunneled/GL_Peiris/GL_Peiris_0002.jpg,0,103.833,111.833,148.667,111.5,134,132,110,158,145,158
lfw-deepfunneled/lfw-deepfunneled/Joseph_Biden/Joseph_Biden_0004.jpg,0,106.5,110.833,146.167,109.833,128,140,109,157,143,156
lfw-deepfunneled/lfw-deepfunneled/Faye_Dunaway/Faye_Dunaway_0003.jpg,0,105.333,116.167,146.667,115.667,117,136,104,158,149,158
lfw-deepfunneled/lfw-deepfunneled/Gonzalo_Sanchez_de_Lozada/Gonzalo_Sanchez_de_Lozada_0011.jpg,0,102.5,115.833,145,115.667,123,128,103,157,146,157
lfw-deepfunneled/lfw-deepfunneled/Khader_Rashid_Rahim/Khader_Rashid_Rahim_0001.jpg,0,107.667,113.833,142.333,110.833,119,133,112,161,144,158
lfw-deepfunneled/lfw-deepfunneled/Ralph_Friedgen/Ralph_Friedgen_0001.jpg,0,102,111.333,145.5,113.333,123,137,108,163,139,165
lfw-deepfunneled/lfw-deepfunneled/John_Ashcroft/John_Ashcroft_0023.jpg,0,105,112.5,146.833,111.167,123,135,109,160,142,160
lfw-deepfunneled/lfw-deepfunneled/Michael_Schumacher/Michael_Schumacher_0015.jpg,0,103.5,111.167,141.333,110,123,139,107,157,138,154
lfw-deepfunneled/lfw-deepfunneled/Zhong_Nanshan/Zhong_Nanshan_0001.jpg,0,106.667,114.333,144.333,116,129,131,109,162,142,164
lfw-deepfunneled/lfw-deepfunneled/Jackie_Chan/Jackie_Chan_0010.jpg,0,101.5,113.667,144.667,111.667,123,140,106,157,148,156
lfw-deepfunneled/lfw-deepfunneled/Richard_Parsons/Richard_Parsons_0001.jpg,0,104.333,117.5,141.167,114.5,122,133,108,160,143,158
lfw-deepfunneled/lfw-deepfunneled/Salma_Hayek/Salma_Hayek_0004.jpg,0,103.333,118.333,144.333,116.833,114,133,107,165,142,164
lfw-deepfunneled/lfw-deepfunneled/Hugh_Grant/Hugh_Grant_0008.jpg,0,175.833,130.833,217.833,130.833,195,146,175,170,221,170
lfw-deepfunneled/lfw-deepfunneled/Hugh_Grant/Hugh_Grant_0008.jpg,1,122.167,111.333,155.667,113.667,156,137,113,156,153,158
lfw-deepfunneled/lfw-deepfunneled/Binyamin_Ben-Eliezer/Binyamin_Ben-Eliezer_0006.jpg,0,104.833,118.667,140.667,115.833,119,135,108,161,142,158
lfw-deepfunneled/lfw-deepfunneled/Dan_Duquette/Dan_Duquette_0001.jpg,0,105.5,112.333,143.833,112.833,130,129,110,160,144,159
lfw-deepfunneled/lfw-deepfunneled/Christoph_Daum/Christoph_Daum_0001.jpg,0,103.833,116.667,147.5,113.167,121,131,106,170,146,167
lfw-deepfunneled/lfw-deepfunneled/Gerhard_Schroeder/Gerhard_Schroeder_0004.jpg,0,102,113.5,144.333,112.333,130,137,103,158,144,155
lfw-deepfunneled/lfw-deepfunneled/Peter_Camejo/Peter_Camejo_0001.jpg,0,101.667,56.5,141.333,56.8333,119,75,100,88,135,88
lfw-deepfunneled/lfw-deepfunneled/Peter_Camejo/Peter_Camejo_0001.jpg,1,106.833,115.333,141.5,115.167,127,137,110,157,145,157
lfw-deepfunneled/lfw-deepfunneled/Lindsay_Davenport/Lindsay_Davenport_0015.jpg,0,105,112.667,147.333,110.833,129,138,113,154,148,154
lfw-deepfunneled/lfw-deepfunneled/Jim_Edmonds/Jim_Edmonds_0002.jpg,0,106.167,112.167,145.333,111.5,125,136,110,158,148,157
lfw-deepfunneled/lfw-deepfunneled/Hans_Blix/Hans_Blix_0029.jpg,0,101.833,115.667,143.333,113.333,125,130,109,160,142,157
lfw-deepfunneled/lfw-deepfunneled/Marsha_Thomason/Marsha_Thomason_0001.jpg,0,104,116,146.833,115.333,119,134,107,161,146,159
lfw-deepfunneled/lfw-deepfunneled/TA_McLendon/TA_McLendon_0001.jpg,0,99.8333,117.5,148.5,116,120,133,96,160,152,159
lfw-deepfunneled/lfw-deepfunneled/Mary_Frances_Seiter/Mary_Frances_Seiter_0001.jpg,0,98.8333,114.167,146.833,113,126,143,100,152,137,151
lfw-deepfunneled/lfw-deepfunneled/Mark_Dacey/Mark_Dacey_0001.jpg,0,105.5,112,142.167,111.167,125,138,110,157,144,155
lfw-deepfunneled/lfw-deepfunneled/Steve_Peace/Steve_Peace_0001.jpg,0,106.667,113.5,148.333,111.667,123,133,110,159,145,157
lfw-deepfunneled/lfw-deepfunneled/Bill_Frist/Bill_Frist_0001.jpg,0,105.833,112.5,144.5,111.833,120,134,111,158,143,158
lfw-deepfunneled/lfw-deepfunneled/Benazir_Bhutto/Benazir_Bhutto_0002.jpg,0,107.667,115.5,141.333,113.667,118,135,111,157,139,155
lfw-deepfunneled/lfw-deepfunneled/Antwun_Echols/Antwun_Echols_0001.jpg,0,66.8333,192.5,88,195.833,75,204,70,214,84,216
lfw-deepfunneled/lfw-deepfunneled/Antwun_Echols/Antwun_Echols_0001.jpg,1,98.6667,117,142,118.167,129,133,101,155,140,156
lfw-deepfunneled/lfw-deepfunneled/Jeff_Van_Gundy/Jeff_Van_Gundy_0001.jpg,0,105.167,113,142,112,126,133,115,166,139,165
lfw-deepfunneled/lfw-deepfunneled/Prince_Harry/Prince_Harry_0002.jpg,0,104.5,113,144.667,112.833,124,145,100,152,150,152
lfw-deepfunneled/lfw-deepfunneled/Paul_Hogan/Paul_Hogan_0002.jpg,0,102.167,113.833,141.833,113.333,133,133,108,162,144,160
lfw-deepfunneled/lfw-deepfunneled/Pat_DAmuro/Pat_DAmuro_0001.jpg,0,102.333,114.333,143.333,113.5,127,135,110,160,141,159
lfw-deepfunneled/lfw-deepfunneled/Mahmoud_Abbas/Mahmoud_Abbas_0008.jpg,0,103,114,145.833,112.833,128,139,108,158,146,156
lfw-deepfunneled/lfw-deepfunneled/Jennifer_Capriati/Jennifer_Capriati_0035.jpg,0,103.167,111.333,145.333,111.333,124,142,105,159,144,160
lfw-deepfunneled/lfw-deepfunneled/Kathleen_Glynn/Kathleen_Glynn_0002.jpg,0,101.667,114.333,147.833,113.167,126,140,104,158,147,158
lfw-deepfunneled/lfw-deepfunneled/Sheila_Copps/Sheila_Copps_0004.jpg,0,106.5,153.667,143.333,153.667,120,182,111,194,145,195
lfw-deepfunneled/lfw-deepfunneled/Sheila_Copps/Sheila_Copps_0004.jpg,1,104.167,115.167,148,114.833,123,133,102,154,151,153
lfw-deepfunneled/lfw-deepfunneled/Colin_Montgomerie/Colin_Montgomerie_0001.jpg,0,105.667,113.333,144.833,115,121,141,105,152,151,154
lfw-deepfunneled/lfw-deepfunneled/Serena_Williams/Serena_Williams_0022.jpg,0,100.333,113.667,145.833,112.833,127,138,100,161,146,159
lfw-deepfunneled/lfw-deepfunneled/Jesse_Ventura/Jesse_Ventura_0002.jpg,0,107,112,153.333,111.333,119,138,110,155,152,153
lfw-deepfunneled/lfw-deepfunneled/Osama_bin_Laden/Osama_bin_Laden_0002.jpg,0,104.833,115.167,147.167,114.333,123,139,110,162,144,162
lfw-deepfunneled/lfw-deepfunneled/George_W_Bush/George_W_Bush_0137.jpg,0,106.833,111,144.833,110.833,124,141,113,165,141,166
lfw-deepfunneled/lfw-deepfunneled/Mike_Bair/Mike_Bair_0001.jpg,0,101.667,114,145,112.5,135,137,113,169,147,167
lfw-deepfunneled/lfw-deepfunneled/Natalia_Dmitrieva/Natalia_Dmitrieva_0001.jpg,0,100.833,115.833,144.667,115.167,122,135,97,159,149,157
lfw-deepfunneled/lfw-deepfunneled/Lucy_Liu/Lucy_Liu_0002.jpg,0,105.333,119,154.333,117.167,114,150,109,175,160,175
lfw-deepfunneled/lfw-deepfunneled/Al_Leiter/Al_Leiter_0001.jpg,0,105.333,112.5,146.333,112.5,117,136,109,156,141,160
lfw-deepfunneled/lfw-deepfunneled/Donald_Rumsfeld/Donald_Rumsfeld_0112.jpg,0,105.333,112.5,145.5,112.5,121,132,107,161,143,162
lfw-deepfunneled/lfw-deepfunneled/Fernando_Sanz/Fernando_Sanz_0001.jpg,0,110.667,113,144.333,112.333,124,138,118,156,147,156
lfw-deepfunneled/lfw-deepfunneled/Tyron_Garner/Tyron_Garner_0001.jpg,0,106.167,114.667,149.833,114,133,134,110,158,151,157
lfw-deepfunneled/lfw-deepfunneled/Jean_Carnahan/Jean_Carnahan_0001.jpg,0,105.833,114.667,147.333,113.833,123,134,113,160,140,162
lfw-deepfunneled/lfw-deepfunneled/George_W_Bush/George_W_Bush_0145.jpg,0,117,113.333,142.833,112.833,111,135,119,157,150,156
lfw-deepfunneled/lfw-deepfunneled/Robin_McGraw/Robin_McGraw_0001.jpg,0,97.6667,109.167,146.833,107.333,122,135,101,156,144,156
lfw-deepfunneled/lfw-deepfunneled/Milo_Djukanovic/Milo_Djukanovic_0003.jpg,0,103,114,139.5,115.833,119,137,106,158,132,159
lfw-deepfunneled/lfw-deepfunneled/Hosni_Mubarak/Hosni_Mubarak_0007.jpg,0,105.167,115.667,150,114.167,128,141,109,155,148,153
lfw-deepfunneled/lfw-deepfunneled/Jeb_Bush/Jeb_Bush_0003.jpg,0,110.5,116.5,144.833,113.5,123,131,118,162,147,160
lfw-deepfunneled/lfw-deepfunneled/Richard_Daley/Richard_Daley_0001.jpg,0,103,114.5,145,113.667,123,128,108,160,135,160
lfw-deepfunneled/lfw-deepfunneled/Joanne_Duquette/Joanne_Duquette_0001.jpg,0,107.667,112.667,143.167,112.5,121,137,113,157,149,156
lfw-deepfunneled/lfw-deepfunneled/Mitchell_Daniels/Mitchell_Daniels_0003.jpg,0,106.333,113.667,146.167,112.167,119,130,107,162,140,161
lfw-deepfunneled/lfw-deepfunneled/David_Nalbandian/David_Nalbandian_0002.jpg,0,104.333,120.5,145,116.333,118,125,103,159,142,156
lfw-deepfunneled/lfw-deepfunneled/Chung_Mong-joon/Chung_Mong-joon_0002.jpg,0,103.333,115.5,139.833,117,112,139,107,162,138,163
lfw-deepfunneled/lfw-deepfunneled/Mariah_Carey/Mariah_Carey_0003.jpg,0,98.8333,117.167,141.667,115.833,129,130,108,167,143,165
lfw-deepfunneled/lfw-deepfunneled/George_W_Bush/George_W_Bush_0029.jpg,0,102.333,113.5,141.833,113.5,130,127,110,163,143,161
lfw-deepfunneled/lfw-deepfunneled/Albrecht_Mentz/Albrecht_Mentz_0002.jpg,0,111.5,65,154.833,69.6667,140,91,101,113,153,115
lfw-deepfunneled/lfw-deepfunneled/Albrecht_Mentz/Albrecht_Mentz_0002.jpg,1,108.667,115.5,143.5,114.167,125,127,113,159,142,158
lfw-deepfunneled/lfw-deepfunneled/Tom_Cruise/Tom_Cruise_0008.jpg,0,104.333,112,148.333,111.5,117,136,106,161,154,161
lfw-deepfunneled/lfw-deepfunneled/Hans_Blix/Hans_Blix_0006.jpg,0,103.333,112.833,144.5,112,122,134,109,159,143,157
lfw-deepfunneled/lfw-deepfunneled/Paul_Shanley/Paul_Shanley_0001.jpg,0,108.5,114.333,145.167,115.167,118,132,112,160,140,160
lfw-deepfunneled/lfw-deepfunneled/Raul_Cubas/Raul_Cubas_0001.jpg,0,105.5,111.5,144.833,111.833,128,135,108,159,141,160
lfw-deepfunneled/lfw-deepfunneled/Reese_Witherspoon/Reese_Witherspoon_0004.jpg,0,100.667,112.167,146.167,112.333,129,136,106,159,143,158
lfw-deepfunneled/lfw-deepfunneled/Desmon_Farmer/Desmon_Farmer_0001.jpg,0,104.833,113.5,140,113.833,126,130,103,155,142,156
lfw-deepfunneled/lfw-deepfunneled/Alejandro_Toledo/Alejandro_Toledo_0011.jpg,0,107.667,112.333,145.333,111.5,131,138,111,161,142,158
lfw-deepfunneled/lfw-deepfunneled/Mark_Rosenbaum/Mark_Rosenbaum_0001.jpg,0,107,112.833,147.833,112.667,123,141,108,163,145,162
lfw-deepfunneled/lfw-deepfunneled/Gloria_Macapagal_Arroyo/Gloria_Macapagal_Arroyo_0011.jpg,0,103.167,116.167,145.833,116.5,122,135,107,159,143,160
lfw-deepfunneled/lfw-deepfunneled/Jeremy_Wotherspoon/Jeremy_Wotherspoon_0001.jpg,0,108.167,112.333,146.833,113.833,119,137,110,166,140,168
lfw-deepfunneled/lfw-deepfunneled/Garry_Witherall/Garry_Witherall_0001.jpg,0,100.833,113,145.167,111.333,127,133,107,165,143,164
lfw-deepfunneled/lfw-deepfunneled/Mahmoud_Abbas/Mahmoud_Abbas_0012.jpg,0,102.167,110,145,110.833,123,137,99,155,149,155
lfw-deepfunneled/lfw-deepfunneled/Michael_Jackson/Michael_Jackson_0010.jpg,0,104.333,114.5,148,113.833,124,131,108,158,144,158
lfw-deepfunneled/lfw-deepfunneled/Gerhard_Schroeder/Gerhard_Schroeder_0037.jpg,0,117.333,114.167,151.667,116.333,147,138,115,157,147,159
lfw-deepfunneled/lfw-deepfunneled/Arnold_Schwarzenegger/Arnold_Schwarzenegger_0038.jpg,0,114,120.833,144,113,124,136,124,157,153,149
lfw-deepfunneled/lfw-deepfunneled/James_Gandolfini/James_Gandolfini_0002.jpg,0,191.833,85,220.333,80,210,96,198,113,219,109
lfw-deepfunneled/lfw-deepfunneled/James_Gandolfini/James_Gandolfini_0002.jpg,1,104.333,113.167,141.5,111.667,124,138,111,157,139,155
lfw-deepfunneled/lfw-deepfunneled/Jane_Rooney/Jane_Rooney_0001.jpg,0,105.5,114.5,147.167,114.333,121,134,105,158,150,159
lfw-deepfunneled/lfw-deepfunneled/Sam_Bith/Sam_Bith_0001.jpg,0,106.667,116.167,146,112.667,129,140,111,158,143,156
lfw-deepfunneled/lfw-deepfunneled/Joaquin_Sanchez/Joaquin_Sanchez_0001.jpg,0,110.333,114.5,141.5,116.167,108,131,111,158,142,160
lfw-deepfunneled/lfw-deepfunneled/Bashar_Assad/Bashar_Assad_0004.jpg,0,112.667,113.333,152,109.667,142,145,116,160,147,155
lfw-deepfunneled/lfw-deepfunneled/Martha_Stewart/Martha_Stewart_0004.jpg,0,102.167,111.333,146.333,110.5,128,140,108,158,145,156
lfw-deepfunneled/lfw-deepfunneled/Hamid_Karzai/Hamid_Karzai_0019.jpg,0,191.333,38.1667,221.333,37.1667,205,55,196,71,221,70
lfw-deepfunneled/lfw-deepfunneled/Hamid_Karzai/Hamid_Karzai_0019.jpg,1,101.667,106.333,144.333,105.667,131,128,101,145,143,143
lfw-deepfunneled/lfw-deepfunneled/Richard_Myers/Richard_Myers_0006.jpg,0,109.667,117.5,145.5,116,125,132,110,156,145,156
lfw-deepfunneled/lfw-deepfunneled/Richard_Langille/Richard_Langille_0001.jpg,0,103,115.5,143,113.833,128,133,109,162,144,160
lfw-deepfunneled/lfw-deepfunneled/Mark_Foley/Mark_Foley_0001.jpg,0,111.667,116.167,150.667,116.333,110,132,104,165,140,167
lfw-deepfunneled/lfw-deepfunneled/Leland_Chapman/Leland_Chapman_0002.jpg,0,103.333,114.667,147.833,114,124,134,107,158,143,158
lfw-deepfunneled/lfw-deepfunneled/Alan_Dreher/Alan_Dreher_0001.jpg,0,103,113.333,143,112.5,131,131,107,161,142,160
lfw-deepfunneled/lfw-deepfunneled/Norm_Coleman/Norm_Coleman_0002.jpg,0,105.833,113.333,143,111.5,133,136,107,160,142,158
lfw-deepfunneled/lfw-deepfunneled/Jon_Gruden/Jon_Gruden_0001.jpg,0,101.5,112.5,146.5,111.5,126,141,104,157,147,155
lfw-deepfunneled/lfw-deepfunneled/Gerhard_Schroeder/Gerhard_Schroeder_0047.jpg,0,114.833,112.5,148.5,111.333,143,135,115,158,144,158
lfw-deepfunneled/lfw-deepfunneled/Yasar_Yakis/Yasar_Yakis_0004.jpg,0,100.5,111,144.833,108.167,127,139,111,157,140,156
lfw-deepfunneled/lfw-deepfunneled/Nestor_Kirchner/Nestor_Kirchner_0012.jpg,0,101.333,115.167,146.5,114.333,122,141,105,157,147,157
lfw-deepfunneled/lfw-deepfunneled/Gene_Robinson/Gene_Robinson_0001.jpg,0,107.167,116.5,147.667,116.167,120,133,105,156,146,156
lfw-deepfunneled/lfw-deepfunneled/Gerhard_Schroeder/Gerhard_Schroeder_0052.jpg,0,106,115.167,145,113.167,121,127,107,159,143,159
lfw-deepfunneled/lfw-deepfunneled/Nastassia_Kinski/Nastassia_Kinski_0001.jpg,0,103.5,115.833,148.167,114.833,120,137,104,158,150,157
lfw-deepfunneled/lfw-deepfunneled/Jerry_Regier/Jerry_Regier_0001.jpg,0,41,83.1667,67.8333,76,52,93,52,119,73,113
lfw-deepfunneled/lfw-deepfunneled/Jerry_Regier/Jerry_Regier_0001.jpg,1,109,111.667,144.5,110.833,114,135,114,160,145,159
lfw-deepfunneled/lfw-deepfunneled/Jerry_Regier/Jerry_Regier_0001.jpg,2,144,111.333,198.833,94.6667,192,138,157,164,202,146
lfw-deepfunneled/lfw-deepfunneled/Ralph_Lauren/Ralph_Lauren_0002.jpg,0,103.333,113.5,144.5,112.333,130,130,105,159,146,156
lfw-deepfunneled/lfw-deepfunneled/George_W_Bush/George_W_Bush_0267.jpg,0,106,114.167,142.5,113.333,131,131,114,163,143,161
lfw-deepfunneled/lfw-deepfunneled/Yao_Ming/Yao_Ming_0005.jpg,0,104.333,114.667,146.5,113.833,128,133,108,158,143,158
lfw-deepfunneled/lfw-deepfunneled/Leonid_Kuchma/Leonid_Kuchma_0002.jpg,0,104,112.667,144,111.5,126,139,106,158,142,157
lfw-deepfunneled/lfw-deepfunneled/Cynthia_Nixon/Cynthia_Nixon_0001.jpg,0,103.833,111,145,112.167,117,137,107,156,143,157
lfw-deepfunneled/lfw-deepfunneled/Earl_Fritts/Earl_Fritts_0001.jpg,0,100.333,112.667,146.833,111.833,131,133,105,159,146,158
lfw-deepfunneled/lfw-deepfunneled/Otto_Reich/Otto_Reich_0001.jpg,0,104.667,116.667,145.167,112.167,118,126,108,161,144,157
lfw-deepfunneled/lfw-deepfunneled/Carlos_Manuel_Pruneda/Carlos_Manuel_Pruneda_0001.jpg,0,104.167,112.833,147.667,112.667,120,142,102,152,156,151
lfw-deepfunneled/lfw-deepfunneled/Jeremy_Greenstock/Jeremy_Greenstock_0013.jpg,0,103.833,114,141.333,112.833,127,137,107,151,143,150
lfw-deepfunneled/lfw-deepfunneled/Frank_Shea/Frank_Shea_0001.jpg,0,107,111.333,148,110.333,119,138,110,158,143,158
lfw-deepfunneled/lfw-deepfunneled/Mahmoud_Abbas/Mahmoud_Abbas_0023.jpg,0,86.6667,74.1667,131.5,72.1667,112,95,87,117,131,112
lfw-deepfunneled/lfw-deepfunneled/Mahmoud_Abbas/Mahmoud_Abbas_0023.jpg,1,105.167,113.5,141.333,112.833,128,139,108,158,139,158
lfw-deepfunneled/lfw-deepfunneled/Mariah_Carey/Mariah_Carey_0005.jpg,0,123,60.1667,172.5,60.8333,154,86,131,114,168,114
lfw-deepfunneled/lfw-deepfunneled/Mariah_Carey/Mariah_Carey_0005.jpg,1,103.5,116.333,144.5,114.5,122,134,110,162,144,162
lfw-deepfunneled/lfw-deepfunneled/Tommy_Thompson/Tommy_Thompson_0004.jpg,0,101.333,110.833,144,110.5,123,140,106,154,146,155
lfw-deepfunneled/lfw-deepfunneled/Arye_Mekel/Arye_Mekel_0001.jpg,0,105.5,113.333,144.667,112.5,121,134,110,159,140,159
lfw-deepfunneled/lfw-deepfunneled/Kwon_Yang-sook/Kwon_Yang-sook_0001.jpg,0,51.6667,209,73.5,207.167,64,222,57,234,76,232
lfw-deepfunneled/lfw-deepfunneled/Kwon_Yang-sook/Kwon_Yang-sook_0001.jpg,1,111.667,193,134.667,192.167,123,210,116,221,135,220
lfw-deepfunneled/lfw-deepfunneled/Kwon_Yang-sook/Kwon_Yang-sook_0001.jpg,2,104.833,117.833,145.833,115.833,129,143,105,158,146,155
lfw-deepfunneled/lfw-deepfunneled/David_Chase/David_Chase_0001.jpg,0,106,114,146.167,111.833,122,139,116,159,147,157
lfw-deepfunneled/lfw-deepfunneled/Gwen_Stefani/Gwen_Stefani_0001.jpg,0,102.667,114.833,147,115,120,141,104,156,145,155
lfw-deepfunneled/lfw-deepfunneled/Luiz_Inacio_Lula_da_Silva/Luiz_Inacio_Lula_da_Silva_0014.jpg,0,102.667,114.167,146.167,113,118,133,105,157,146,156
lfw-deepfunneled/lfw-deepfunneled/Hipolito_Mejia/Hipolito_Mejia_0003.jpg,0,103.5,112.667,144.667,112,128,130,110,158,142,159
lfw-deepfunneled/lfw-deepfunneled/Mike_Helton/Mike_Helton_0002.jpg,0,98.3333,185.5,120.833,189,106,203,99,210,116,213
lfw-deepfunneled/lfw-deepfunneled/Mike_Helton/Mike_Helton_0002.jpg,1,105,111.833,147.333,111.5,126,128,109,159,145,159
lfw-deepfunneled/lfw-deepfunneled/Naomi_Watts/Naomi_Watts_0017.jpg,0,106.167,112.167,149.5,111.167,125,142,110,154,150,153
lfw-deepfunneled/lfw-deepfunneled/Chris_Andrews/Chris_Andrews_0001.jpg,0,106.5,113.833,147.833,111.833,125,133,111,155,146,153
lfw-deepfunneled/lfw-deepfunneled/Alejandro_Avila/Alejandro_Avila_0001.jpg,0,101.167,113.833,144.5,112.833,122,131,106,158,144,156
lfw-deepfunneled/lfw-deepfunneled/Shannon_OBrien/Shannon_OBrien_0001.jpg,0,107.333,116.833,151.667,115.667,123,130,106,158,148,158
lfw-deepfunneled/lfw-deepfunneled/Uday_Hussein/Uday_Hussein_0001.jpg,0,102,118.5,144.5,117,127,134,104,161,146,158
lfw-deepfunneled/lfw-deepfunneled/Paula_Radcliffe/Paula_Radcliffe_0005.jpg,0,103,114.167,146.333,113,126,143,102,154,148,153
lfw-deepfunneled/lfw-deepfunneled/Jimmy_Gurule/Jimmy_Gurule_0001.jpg,0,105.333,115.667,145,114.167,121,134,110,160,141,159
lfw-deepfunneled/lfw-deepfunneled/George_P_Bush/George_P_Bush_0001.jpg,0,107.167,116.667,137.667,114.833,111,126,105,158,130,159
lfw-deepfunneled/lfw-deepfunneled/Gerhard_Schroeder/Gerhard_Schroeder_0031.jpg,0,107.167,117.833,144.5,116.667,123,138,110,155,146,154
lfw-deepfunneled/lfw-deepfunneled/Steve-O/Steve-O_0001.jpg,0,39.5,80,50.8333,78.1667,49,86,43,95,51,94
lfw-deepfunneled/lfw-deepfunneled/Steve-O/Steve-O_0001.jpg,1,105.667,110.667,145.167,108.5,127,124,114,152,137,150
lfw-deepfunneled/lfw-deepfunneled/Einars_Repse/Einars_Repse_0001.jpg,0,102.833,113.333,149.833,111.833,120,132,108,160,144,162
lfw-deepfunneled/lfw-deepfunneled/George_Papandreou/George_Papandreou_0004.jpg,0,101,113.5,140.833,112.167,130,136,106,159,143,158
lfw-deepfunneled/lfw-deepfunneled/Andy_Roddick/Andy_Roddick_0007.jpg,0,102.833,113.667,145.333,112.5,127,128,106,160,146,157
lfw-deepfunneled/lfw-deepfunneled/Stan_Heath/Stan_Heath_0001.jpg,0,105.333,114.667,149.833,111.833,123,133,108,157,146,155
lfw-deepfunneled/lfw-deepfunneled/Carl_Pope/Carl_Pope_0001.jpg,0,104.833,116.5,149,113.833,118,125,106,169,142,168
lfw-deepfunneled/lfw-deepfunneled/Yashwant_Sinha/Yashwant_Sinha_0004.jpg,0,104.167,114.833,147.667,113,118,128,103,158,147,157
lfw-deepfunneled/lfw-deepfunneled/Iain_Duncan_Smith/Iain_Duncan_Smith_0001.jpg,0,101.667,115,145.833,113.5,127,133,105,159,147,157
lfw-deepfunneled/lfw-deepfunneled/Mukesh_Ambani/Mukesh_Ambani_0003.jpg,0,107,114.167,146.167,112.833,124,135,110,157,141,158
lfw-deepfunneled/lfw-deepfunneled/Tony_Blair/Tony_Blair_0067.jpg,0,102,113.333,144.5,112,131,136,104,157,146,156
lfw-deepfunneled/lfw-deepfunneled/Lionel_Hampton/Lionel_Hampton_0001.jpg,0,102.833,114.833,147.167,114.667,124,139,101,159,151,159
lfw-deepfunneled/lfw-deepfunneled/Sabah_Al-Ahmad_Al-Jaber_Al-Sabah/Sabah_Al-Ahmad_Al-Jaber_Al-Sabah_0001.jpg,0,105.5,115,144.333,114.167,125,136,110,158,141,157
lfw-deepfunneled/lfw-deepfunneled/Emily_Mortimer/Emily_Mortimer_0001.jpg,0,103.167,114.333,147.667,111.333,122,138,109,157,150,155
lfw-deepfunneled/lfw-deepfunneled/John_Snow/John_Snow_0011.jpg,0,104.5,112.167,147.167,111.833,126,135,110,158,142,157
lfw-deepfunneled/lfw-deepfunneled/Iveta_Benesova/Iveta_Benesova_0001.jpg,0,101.167,113.667,143.167,112.5,130,135,110,158,141,157
lfw-deepfunneled/lfw-deepfunneled/Heizo_Takenaka/Heizo_Takenaka_0004.jpg,0,104,111,146.667,110.833,128,133,110,159,145,158
lfw-deepfunneled/lfw-deepfunneled/Mel_Brooks/Mel_Brooks_0001.jpg,0,105,113.167,146.667,113.333,122,138,104,155,152,155
lfw-deepfunneled/lfw-deepfunneled/Alejandro_Toledo/Alejandro_Toledo_0021.jpg,0,102.5,112.833,144.833,111.333,131,145,94,157,145,155
lfw-deepfunneled/lfw-deepfunneled/Alejandro_Toledo/Alejandro_Toledo_0021.jpg,1,157.167,136.167,192.833,136.833,173,159,160,183,189,184
lfw-deepfunneled/lfw-deepfunneled/Michelle_Bachelet/Michelle_Bachelet_0001.jpg,0,105,113.833,147.167,114.833,128,131,110,161,144,160
lfw-deepfunneled/lfw-deepfunneled/Julio_Iglesias_Jr/Julio_Iglesias_Jr_0002.jpg,0,102.5,115.5,144.667,114.667,133,134,104,160,147,157
lfw-deepfunneled/lfw-deepfunneled/Biljana_Plavsic/Biljana_Plavsic_0001.jpg,0,106.5,113,142.333,110.5,132,136,112,160,142,157
lfw-deepfunneled/lfw-deepfunneled/Reggie_Miller/Reggie_Miller_0001.jpg,0,106.333,110.833,144.333,110.333,124,135,108,154,147,154
lfw-deepfunneled/lfw-deepfunneled/Jacky_Cheung/Jacky_Cheung_0001.jpg,0,103.167,114.333,147,112,130,147,107,164,140,163
lfw-deepfunneled/lfw-deepfunneled/Joy_Bryant/Joy_Bryant_0001.jpg,0,122.667,211.667,143.333,211,135,222,127,236,142,235
lfw-deepfunneled/lfw-deepfunneled/Joy_Bryant/Joy_Bryant_0001.jpg,1,103.833,117.333,146.833,115.333,121,135,105,157,146,155
lfw-deepfunneled/lfw-deepfunneled/Geoff_Hoon/Geoff_Hoon_0003.jpg,0,103.833,114.667,143,112.5,133,136,108,157,140,156
lfw-deepfunneled/lfw-deepfunneled/Nanni_Moretti/Nanni_Moretti_0001.jpg,0,102.667,113.667,144.167,113.333,128,137,108,170,140,170
lfw-deepfunneled/lfw-deepfunneled/Hugo_Chavez/Hugo_Chavez_0006.jpg,0,109.667,112.5,146.167,112.333,117,136,109,160,138,161
lfw-deepfunneled/lfw-deepfunneled/Kristy_Curry/Kristy_Curry_0001.jpg,0,106.667,118,139.833,119.167,123,131,105,158,137,159
lfw-deepfunneled/lfw-deepfunneled/George_HW_Bush/George_HW_Bush_0013.jpg,0,106.833,112.167,142.833,111,127,140,102,153,143,154
lfw-deepfunneled/lfw-deepfunneled/Ricardo_Sanchez/Ricardo_Sanchez_0005.jpg,0,108.333,115.5,145.667,113.667,120,132,112,160,144,159
lfw-deepfunneled/lfw-deepfunneled/Clint_Lamebear/Clint_Lamebear_0001.jpg,0,101.167,111.333,142,111,120,136,105,157,141,156
lfw-deepfunneled/lfw-deepfunneled/Jason_Biggs/Jason_Biggs_0001.jpg,0,175.333,55.1667,200,56.6667,187,71,175,81,199,82
lfw-deepfunneled/lfw-deepfunneled/Jason_Biggs/Jason_Biggs_0001.jpg,1,106.667,113.5,143.5,113.833,123,141,107,155,141,157
lfw-deepfunneled/lfw-deepfunneled/Donald_Rumsfeld/Donald_Rumsfeld_0118.jpg,0,106.833,113,145.667,112,129,132,107,159,145,160
lfw-deepfunneled/lfw-deepfunneled/Alex_Holmes/Alex_Holmes_0001.jpg,0,108.5,114.833,144.833,112.667,120,138,111,156,151,153
lfw-deepfunneled/lfw-deepfunneled/Spencer_Abraham/Spencer_Abraham_0006.jpg,0,106.333,115.167,144.667,114.5,119,132,110,159,145,157
lfw-deepfunneled/lfw-deepfunneled/David_Trimble/David_Trimble_0001.jpg,0,103.5,112.333,142.5,110.667,128,136,108,160,142,157
lfw-deepfunneled/lfw-deepfunneled/Ricardo_Sanchez/Ricardo_Sanchez_0004.jpg,0,102.5,115,144.167,113.667,125,133,108,162,144,160
lfw-deepfunneled/lfw-deepfunneled/Michael_Leavitt/Michael_Leavitt_0002.jpg,0,105.833,112.333,146.167,112.333,122,136,110,158,144,157
lfw-deepfunneled/lfw-deepfunneled/Marcelo_Rios/Marcelo_Rios_0002.jpg,0,109.667,111.667,144,112,123,137,114,156,144,156
lfw-deepfunneled/lfw-deepfunneled/Gerald_Riley/Gerald_Riley_0001.jpg,0,106.167,117,144.667,116.667,126,135,107,161,144,160
lfw-deepfunneled/lfw-deepfunneled/Junichiro_Koizumi/Junichiro_Koizumi_0009.jpg,0,103.667,109.833,141.5,109.833,124,140,109,154,141,153
lfw-deepfunneled/lfw-deepfunneled/Gloria_Macapagal_Arroyo/Gloria_Macapagal_Arroyo_0014.jpg,0,105.833,119,146.667,117.667,120,131,108,160,142,159
lfw-deepfunneled/lfw-deepfunneled/Franklin_Damann/Franklin_Damann_0001.jpg,0,38,180.833,66.3333,180.667,60,199,41,214,67,213
lfw-deepfunneled/lfw-deepfunneled/Franklin_Damann/Franklin_Damann_0001.jpg,1,104.333,106.167,138.333,111,119,138,107,154,136,159
lfw-deepfunneled/lfw-deepfunneled/Robert_Duvall/Robert_Duvall_0008.jpg,0,106.167,113,142.833,113.333,131,137,108,161,144,163
lfw-deepfunneled/lfw-deepfunneled/Mark_Hurlbert/Mark_Hurlbert_0004.jpg,0,108.5,109.5,145.167,110.167,139,134,110,161,141,162
lfw-deepfunneled/lfw-deepfunneled/Cindy_Crawford/Cindy_Crawford_0003.jpg,0,117.5,189.333,149.333,187.333,137,212,125,221,147,220
lfw-deepfunneled/lfw-deepfunneled/Cindy_Crawford/Cindy_Crawford_0003.jpg,1,105,115.333,142.333,115,130,128,106,151,148,150
lfw-deepfunneled/lfw-deepfunneled/Bob_Dole/Bob_Dole_0001.jpg,0,112.333,58.6667,140.5,57.5,126,70,116,86,142,86
lfw-deepfunneled/lfw-deepfunneled/Bob_Dole/Bob_Dole_0001.jpg,1,102.167,110.167,145.667,112.167,124,144,97,149,147,150
lfw-deepfunneled/lfw-deepfunneled/Stanislas_Wawrinka/Stanislas_Wawrinka_0001.jpg,0,100.167,113,146.667,112,130,133,101,158,148,156
